Start Time,End Time,mean_nni,sdnn,sdsd,nni_50,pnni_50,nni_20,pnni_20,rmssd,median_nni,range_nni,cvsd,cvnni,mean_hr,max_hr,min_hr,std_hr,lf,hf,lf_hf_ratio,lfnu,hfnu,total_power,vlf,sd1,sd2,ratio_sd2_sd1
0,3,628.1993007,58.24534306,14.95563725,5,1.748251748,21,7.342657343,14.95737616,640,302.5,0.023809922,0.092717937,96.37198717,137.1428571,81.08108108,9.355688132,286.3554498,33.16053505,8.635429114,89.62163503,10.37836497,660.1466075,340.6306226,10.59383453,81.68727346,7.710831546
0.25,3.25,629.5804196,58.29207183,12.95926517,4,1.398601399,13,4.545454545,12.96230486,647.5,277.5,0.020588799,0.092588762,96.16570076,137.1428571,83.91608392,9.39860613,167.6378219,32.77156178,5.115344306,83.64769096,16.35230904,341.9643076,141.5549239,9.179703178,81.92474795,8.924553045
0.5,3.5,640.4092527,56.07865944,13.14829251,4,1.423487544,12,4.270462633,13.15920156,665,277.5,0.020548113,0.08756691,94.47566795,137.1428571,83.91608392,9.039067241,196.1706946,39.5961647,4.954285246,83.20537296,16.79462704,388.2338108,152.4669515,9.313893623,78.7583867,8.456010976
0.75,3.75,651.0326087,53.33943665,13.38820159,4,1.449275362,12,4.347826087,13.39417567,670,277.5,0.02057374,0.081930515,92.86186992,137.1428571,83.91608392,8.621422379,204.4786525,42.65311486,4.793991086,82.74073976,17.25926024,370.8000051,123.6682377,9.484147741,74.83476429,7.890510179
1,4,662.2610294,46.47957229,12.89375076,4,1.470588235,11,4.044117647,12.90199847,680,277.5,0.019481742,0.070183161,91.12611912,137.1428571,83.91608392,7.59038278,73.09643215,15.56198257,4.697115668,82.44725826,17.55274174,148.5264886,59.86807392,9.134126806,65.09430857,7.126494951
1.25,4.25,676.0714286,27.71619259,10.19845792,0,0,6,2.255639098,10.20543695,685,145,0.015095205,0.040995953,88.90746624,104.3478261,83.33333333,3.904277142,53.41367507,15.57909411,3.4285482,77.4192364,22.5807636,108.3232558,39.33048664,7.225043797,38.52497119,5.332143621
1.5,4.5,683.2129278,18.55053713,9.916339781,0,0,4,1.520912548,9.918561518,685,110,0.014517526,0.027151912,87.88684853,98.36065574,83.33333333,2.455914137,55.44889634,15.34164238,3.614273815,78.32811749,21.67188251,112.0609843,41.27044558,7.025331041,25.27626513,3.597875315
1.75,4.75,689.6551724,16.71238204,9.867071381,0,0,3,1.149425287,9.869338689,690,110,0.014310541,0.024232954,87.05023035,93.02325581,79.47019868,2.078659367,54.22473915,14.97611012,3.620749227,78.35848796,21.64151204,93.21875566,24.01790639,6.990529361,22.57742072,3.229715456
2,5,691.5708812,16.06548363,10.21360257,0,0,5,1.915708812,10.21405517,690,110,0.014769354,0.023230422,86.80512209,93.02325581,79.47019868,1.990961116,61.40976645,19.34464154,3.174510435,76.04509522,23.95490478,114.067208,33.31279998,7.2360365,21.53692885,2.976343313
2.25,5.25,691,19.75135008,10.16159444,0,0,5,1.923076923,10.16276799,690,150,0.014707334,0.028583719,86.90429164,99.17355372,79.47019868,2.587392028,58.50431691,29.40450767,1.989637697,66.55113089,33.44886911,130.3743842,42.46555964,7.19924393,26.98893379,3.748856693
2.5,5.5,691.0384615,20.0067185,10.23373622,0,0,5,1.923076923,10.23375443,690,150,0.01480924,0.028951671,86.90149789,99.17355372,79.47019868,2.625041653,63.19846079,36.40261987,1.736096496,63.45158142,36.54841858,136.953905,37.35282433,7.250354639,27.34903889,3.772096711
2.75,5.75,690.6321839,19.8378707,10.24695077,0,0,5,1.915708812,10.24695077,690,150,0.014837059,0.02872422,86.95136916,99.17355372,79.47019868,2.603743775,181.6492244,38.57824783,4.708591878,82.48254523,17.51745477,314.9692562,94.74178391,7.259662713,27.09943773,3.732878345
3,6,690.0957854,20.19830585,10.32167536,0,0,5,1.915708812,10.32174702,690,150,0.014956977,0.029268844,87.02159448,99.17355372,79.47019868,2.647676086,174.6337888,34.16317669,5.111754986,83.63808755,16.36191245,312.0380557,103.2410902,7.312602886,27.61284044,3.776061803
3.25,6.25,688.7356322,20.72556565,10.21403707,0,0,5,1.915708812,10.21405517,690,150,0.014830154,0.030092193,87.1974063,99.17355372,79.47019868,2.71210485,153.278851,31.5643144,4.856080479,82.92373195,17.07626805,277.936679,93.09351356,7.236344328,28.40305378,3.925055593
3.5,6.5,689.4061303,21.0295534,10.08138113,0,0,5,1.915708812,10.08139948,690,150,0.01462331,0.030503868,87.11486834,99.17355372,79.47019868,2.747521483,151.1851176,30.77086242,4.913255778,83.08884246,16.91115754,274.5830276,92.62704758,7.142361506,28.86989616,4.042065938
3.75,6.75,688.6641221,20.93434754,9.923075781,0,0,5,1.908396947,9.923075781,690,150,0.014409166,0.030398487,87.20793654,99.17355372,79.47019868,2.733848943,167.5464232,34.39659294,4.871017996,82.96717876,17.03282124,311.3559073,109.4128911,7.030154829,28.75883755,4.090782956
4,7,688.0725191,20.9635354,9.961317411,0,0,5,1.908396947,9.961612142,690,150,0.014477561,0.030467044,87.28312256,99.17355372,79.47019868,2.736800965,208.0806593,38.36670354,5.423469835,84.43209004,15.56790996,359.8234214,113.3760585,7.057247697,28.79470243,4.080160378
4.25,7.25,685.2281369,22.44469979,10.14894037,0,0,5,1.901140684,10.15152378,685,150,0.014814809,0.032755076,87.65859107,99.17355372,79.47019868,2.959147131,196.9192136,37.56987091,5.241413101,83.97798729,16.02201271,347.7979025,113.308818,7.190119277,30.91652119,4.299862074
4.5,7.5,682.2316919,26.05624789,14.59541321,4,1.515151515,11,4.166666667,14.59620562,685,188.3333333,0.021394793,0.038192667,88.07724104,99.17355372,75.6302521,3.435364308,143.709567,21.49941178,6.684348784,86.98653551,13.01346449,262.2537227,97.04474395,10.34019254,35.36858106,3.420495406
4.75,7.75,679.1289308,23.04243819,13.70434095,4,1.509433962,8,3.018867925,13.7043933,685,188.3333333,0.020179369,0.033929402,88.4531036,99.17355372,75.6302521,3.097862812,207.8921947,85.02211335,2.445154402,70.97372474,29.02627526,380.4482078,87.53389969,9.708837812,31.10701503,3.203989564
5,8,677.5062893,22.37972817,13.51270124,4,1.509433962,6,2.264150943,13.51303305,680,188.3333333,0.019945251,0.033032502,88.65920766,99.17355372,75.6302521,3.015296063,199.6092359,69.49149336,2.872426915,74.17640095,25.82359905,352.9615044,83.86077513,9.573070696,30.16721372,3.151257802
5.25,8.25,679.6572327,19.50541708,13.42053972,4,1.509433962,6,2.264150943,13.42162215,680,183.3333333,0.019747634,0.028698903,88.35343429,98.36065574,75.6302521,2.578255472,136.9509176,79.47290946,1.723240265,63.27903884,36.72096116,270.6651631,54.24133611,9.507778883,25.8944923,2.723505943
5.5,8.5,679.2232704,19.10279607,13.30421091,4,1.509433962,6,2.264150943,13.3046962,680,183.3333333,0.019588104,0.028124472,88.40683011,98.36065574,75.6302521,2.523798707,150.3426993,105.0177813,1.431592798,58.87469312,41.12530688,303.6788448,48.31836424,9.425365759,25.31790109,2.68614521
5.75,8.75,677.8647799,18.65148239,13.18661112,4,1.509433962,6,2.264150943,13.18673353,680,183.3333333,0.019453339,0.027515049,88.5807222,98.36065574,75.6302521,2.465398878,144.4818959,116.9711169,1.235192924,55.26113253,44.73886747,313.2754835,51.8224707,9.34205221,24.66742084,2.640471311
6,9,676.2938596,18.71275218,13.08629805,4,1.503759398,6,2.255639098,13.08635245,680,183.3333333,0.019350098,0.027669558,88.78702916,98.36065574,75.6302521,2.477093747,130.1395283,102.0559326,1.275178473,56.04740411,43.95259589,279.5710295,47.37556856,9.270918922,24.78677572,2.673605058
6.25,9.25,677.7224311,19.11909936,13.09714791,4,1.503759398,6,2.255639098,13.0971615,680,183.3333333,0.019325259,0.028210811,88.60281963,98.36065574,75.6302521,2.529048126,122.9414703,74.25493691,1.655667291,62.34468063,37.65531937,238.5288985,41.33249129,9.278605452,25.39660217,2.737114138
6.5,9.5,676.2562657,18.17833889,13.03557325,4,1.503759398,6,2.255639098,13.03579172,680,183.3333333,0.019276408,0.026880844,88.78838364,98.36065574,75.6302521,2.41609575,115.8486177,64.69196079,1.790773016,64.16763405,35.83236595,237.189713,56.64913446,9.234983205,23.99206316,2.597954173
6.75,9.75,675.6735589,18.11846801,13.05025763,4,1.503759398,6,2.255639098,13.05025763,680,183.3333333,0.019314442,0.026815417,88.86452016,98.36065574,75.6302521,2.407817619,129.5278565,82.81127162,1.564133167,61.00046546,38.99953454,274.4200889,62.08096077,9.245386282,23.89729271,2.584780341
7,10,675.6547619,18.35967131,13.1904554,4,1.503759398,6,2.255639098,13.19046889,675,183.3333333,0.019522498,0.027173155,88.8686355,98.36065574,75.6302521,2.436819258,135.692313,106.4549151,1.274645824,56.03711183,43.96288817,309.0761803,66.92895226,9.344708649,24.22460488,2.592333885
7.25,10.25,676.1810777,17.20777886,13.00659267,4,1.503759398,6,2.255639098,13.00681163,677.5,183.3333333,0.019235693,0.025448477,88.79096171,98.36065574,75.6302521,2.264589554,44.17345507,10.68663559,4.133523101,80.52020064,19.47979936,106.7711115,51.91102081,9.214452068,22.52352502,2.444369438
7.5,10.5,676.1466165,16.26145831,8.338171136,0,0,3,1.127819549,8.338363262,680,105,0.012332182,0.024050195,88.7913521,99.17355372,84.50704225,2.219549135,41.79682498,12.20611393,3.424253224,77.39731545,22.60268455,92.80773087,38.80479196,5.907133423,22.22556697,3.762496186
7.75,10.75,677.406015,17.20137669,8.478607931,0,0,3,1.127819549,8.478607931,680,110,0.012516287,0.025393008,88.6321766,99.17355372,83.91608392,2.33158289,93.56600859,17.10104057,5.471363464,84.5473059,15.4526941,194.2215786,83.5545294,6.00662513,23.57318762,3.924531181
8,11,673.7265918,22.31872812,9.183648638,0,0,4,1.498127341,9.183667875,680,130,0.013631149,0.033127278,89.15957898,102.5641026,83.91608392,3.110596827,100.07923,20.90938122,4.7863315,82.71789302,17.28210698,240.1464861,119.1578749,6.506061182,30.88563448,4.747209351
8.25,11.25,673.5580524,22.23881194,9.178472496,0,0,4,1.498127341,9.178549487,675,130,0.013626961,0.033016919,89.1811516,102.5641026,83.91608392,3.099500213,171.6376064,24.18628743,7.09648419,87.64896001,12.35103999,389.6745536,193.8506598,6.502394198,30.77090155,4.732241789
8.5,11.5,672.5932836,22.21001587,9.068817312,0,0,4,1.492537313,9.068894651,675,130,0.013483475,0.033021465,89.30870987,102.5641026,83.91608392,3.092607339,186.6117094,25.01951412,7.45864642,88.1777775,11.8222225,463.3458743,251.7146507,6.424664713,30.74562234,4.785560604
8.75,11.75,672.4813433,22.16800692,9.171483338,0,0,4,1.492537313,9.171559811,675,130,0.013638386,0.032964494,89.32320503,102.5641026,83.91608392,3.087192645,187.6433478,25.7483043,7.287600211,87.93378089,12.06621911,498.2767009,284.8850488,6.497396886,30.66960866,4.72029171
9,12,673.6516854,22.22568636,9.305645674,0,0,4,1.498127341,9.305664659,675,130,0.013813763,0.032992846,89.16849191,102.5641026,83.91608392,3.09359676,204.9720513,27.42823217,7.473031804,88.19784909,11.80215091,520.7680893,288.3678059,6.592488724,30.73274087,4.661781332
9.25,12.25,672.6029963,21.74703269,9.485550772,0,0,4,1.498127341,9.48571839,675,130,0.014102998,0.032332643,89.30342087,102.5641026,83.91608392,3.034484436,208.5828339,28.93659352,7.208271896,87.8171677,12.1828323,488.4878195,250.9683921,6.719940635,30.01181866,4.466083898
9.5,12.5,673.5955056,22.17350326,9.623266202,0,0,4,1.498127341,9.623431422,675,130,0.014286662,0.032918128,89.17551764,102.5641026,83.91608392,3.088242792,199.0079172,29.85412236,6.666011306,86.95540666,13.04459334,449.326813,220.4647734,6.817503712,30.60800772,4.489620983
9.75,12.75,673.8576779,22.16318213,9.544518833,0,0,4,1.498127341,9.544981557,675,130,0.014164685,0.032890005,89.14075344,102.5641026,83.91608392,3.087540197,178.8757784,26.81182256,6.671526265,86.96478425,13.03521575,421.7213225,216.0337215,6.761715951,30.60543222,4.526281855
10,13,674.082397,22.0929821,9.320801984,0,0,4,1.498127341,9.320801984,675,130,0.013827393,0.032774898,89.11048125,102.5641026,83.91608392,3.08025791,181.7868673,26.44911969,6.873078175,87.29848761,12.70151239,450.6813825,242.4453956,6.603226055,30.53845317,4.624777785
10.25,13.25,675.1310861,21.96672013,9.149652103,0,0,4,1.498127341,9.15291461,680,130,0.013557241,0.03253697,88.97090123,102.5641026,83.91608392,3.062089959,145.4413724,20.73766494,7.013391949,87.52088995,12.47911005,390.4112235,224.2321862,6.481976687,30.38186243,4.687129234
10.5,13.5,675.9962406,19.14644371,8.662111369,0,0,2,0.751879699,8.66229631,680,130,0.012814119,0.028323299,88.83273486,102.5641026,83.91608392,2.65286664,153.3511923,17.81826384,8.606404846,89.5902784,10.4097216,324.4757254,153.3062693,6.136627174,26.37260738,4.297573672
10.75,13.75,673.0149813,19.88049967,8.628367265,0,0,3,1.123595506,8.629677548,675,130,0.012822415,0.029539461,89.23306134,102.5641026,83.91608392,2.785693821,56.61322775,13.84330437,4.08957473,80.35199298,19.64800702,135.9669325,65.51040037,6.112677819,27.442735,4.489478394
11,14,676.4419476,14.80066171,8.527704731,0,0,4,1.498127341,8.529030478,675,105,0.012608666,0.021880165,88.74291377,98.36065574,83.91608392,1.994487253,68.40635924,14.07035987,4.861734873,82.94020419,17.05979581,105.0917542,22.61503514,6.041364485,20.04048626,3.317211916
11.25,14.25,673.1716418,16.59769675,8.396574409,0,0,4,1.492537313,8.396762351,675,105,0.012473434,0.024655965,89.18569937,98.36065574,83.91608392,2.252490735,89.6395912,16.44116784,5.452142576,84.50127243,15.49872757,136.0976695,30.01691049,5.948424525,22.70645988,3.817222491
11.5,14.5,672.108209,17.45340098,8.42451067,0,0,4,1.492537313,8.424593923,675,105,0.01253458,0.025968141,89.33267331,98.36065574,83.91608392,2.368152961,116.8257347,17.32708385,6.742377177,87.08407021,12.91592979,189.5614392,55.40862063,5.968215541,23.9504241,4.012995834
11.75,14.75,669.5724907,19.88547775,8.846569545,0,0,5,1.858736059,8.846746598,675,105,0.01321253,0.029698768,89.68981062,98.36065574,83.91608392,2.713960211,112.7345026,19.32412209,5.833874475,85.36701247,14.63298753,190.3031593,58.2445346,6.26717273,27.41508703,4.374394678
12,15,668.7174721,19.63591439,8.724563639,0,0,5,1.858736059,8.72464343,675,95,0.01304683,0.029363543,89.80263616,98.36065574,85.10638298,2.685092989,98.75020106,17.70036534,5.57899225,84.80010369,15.19989631,184.1795801,67.72901365,6.180740121,27.07280405,4.380188056
12.25,15.25,667.8333333,19.43509836,8.540401708,0,0,5,1.851851852,8.541392763,670,95,0.012789707,0.02910172,89.91995652,98.36065574,85.10638298,2.65879867,122.9467651,21.87331155,5.620857401,84.89621601,15.10378399,218.9933227,74.1732461,6.050232217,26.81120637,4.431434266
12.5,15.5,665.1107011,18.67823837,8.344354851,0,0,5,1.84501845,8.344437047,665,95,0.012545937,0.028082902,90.28233354,98.36065574,85.10638298,2.56265563,120.6498737,19.640261,6.142987293,86.00025509,13.99974491,210.3319891,70.04185432,5.91130692,25.7450894,4.355227997
12.75,15.75,661.8014706,20.64613823,8.46181864,0,0,5,1.838235294,8.466343177,665,115,0.012792875,0.031196876,90.75174303,101.6949153,85.10638298,2.897250887,124.2827412,16.68297192,7.449676337,88.16522716,11.83477284,211.0038061,70.03809298,5.994479488,28.57607851,4.767065859
13,16,659.2673993,21.00012954,8.900931947,0,0,6,2.197802198,8.901007874,660,110,0.013501362,0.031853736,91.10420677,101.6949153,85.71428571,2.962622885,136.3624254,17.57124552,7.76054408,88.58518386,11.41481614,230.6852352,76.75156425,6.305511025,29.02156805,4.60257193
13.25,16.25,659.0567766,20.87334563,8.970842496,0,0,6,2.197802198,8.970917831,660,115,0.013611753,0.031671544,91.13220295,101.6949153,85.10638298,2.945271354,182.9195068,27.19629335,6.725898433,87.05652153,12.94347847,331.0461466,120.9303464,6.355036371,28.82718558,4.536116537
13.5,16.5,660.4304029,21.95221845,9.057567489,0,0,5,1.831501832,9.057586142,660,125,0.013714672,0.033239261,90.95196095,101.6949153,83.91608392,3.081348687,149.0890635,23.63889362,6.306939147,86.31437898,13.68562102,315.1452919,142.4173347,6.416473241,30.37480306,4.733878241
13.75,16.75,660.7234432,20.97218604,8.577933503,0,0,3,1.098901099,8.57811077,660,125,0.012982907,0.031741247,90.90245765,101.6949153,83.91608392,2.935966122,143.6442114,22.2186275,6.465035314,86.60421608,13.39578392,295.7941963,129.9313574,6.076695631,29.02996632,4.777261868
14,17,659.4944853,20.12257966,8.337766907,0,0,2,0.735294118,8.337848562,660,125,0.012642787,0.030512127,91.06470802,101.6949153,83.91608392,2.825248321,122.819453,21.29937668,5.766340248,85.22096195,14.77903805,268.3874066,124.268577,5.906599377,27.83789698,4.713015933
14.25,17.25,659.8260073,19.79156823,8.316963494,0,0,2,0.732600733,8.316983808,660,125,0.012604814,0.029995132,91.01613771,101.6949153,83.91608392,2.77845575,121.7629155,22.78202574,5.344692211,84.23879415,15.76120585,263.5563818,119.0114405,5.891821813,27.36236068,4.644125629
14.5,17.5,660.0643382,19.82173486,8.419915216,0,0,2,0.735294118,8.420420564,660,125,0.012756969,0.030030004,90.98354154,101.6949153,83.91608392,2.783157616,125.6010913,22.96259053,5.469813657,84.5436043,15.4563957,263.9919703,115.4282885,5.964794473,27.39020943,4.591978743
14.75,17.75,662.1231618,19.52396747,8.13039795,0,0,1,0.367647059,8.130586357,660,125,0.012279568,0.029486912,90.69752484,101.6949153,83.91608392,2.720550754,102.0147142,18.48967914,5.517386938,84.65642735,15.34357265,221.042486,100.5380927,5.759696091,27.00363887,4.688379117
15,18,665.0276753,22.87665284,8.053135279,0,0,1,0.36900369,8.054178522,660,135,0.012111043,0.03439955,90.32872218,101.6949153,82.75862069,3.119586012,99.19547243,16.90073875,5.869298017,85.44247174,14.55752826,213.303662,97.20745081,5.705001183,31.84549343,5.582030995
15.25,18.25,665.6203704,23.17289403,8.051840342,0,0,1,0.37037037,8.051840342,662.5,135,0.012096746,0.03481398,90.25101459,101.6949153,82.75862069,3.158167241,111.0699875,19.29459439,5.756533941,85.19951193,14.80048807,259.7058051,129.3412232,5.704123239,32.2711793,5.657517895
15.5,18.5,667.0833333,23.14135235,8.172114798,0,0,1,0.37037037,8.172135936,665,135,0.012250547,0.034690347,90.05287396,101.6949153,82.75862069,3.156287691,113.6317931,21.13100304,5.377491683,84.31985411,15.68014589,277.6646269,142.9018308,5.789328644,32.21068225,5.563802685
15.75,18.75,670.5111524,20.55726079,8.024516487,0,0,0,0,8.026273031,670,115,0.01197038,0.030659089,89.56752015,98.36065574,82.75862069,2.732925551,70.44373228,14.73248635,4.781523674,82.70352149,17.29647851,191.3889213,106.2127027,5.684805917,28.51113684,5.01532282
16,19,673.8483146,19.38657008,7.873493113,0,0,1,0.374531835,7.873493113,675,85,0.01168437,0.028769932,89.11342378,93.75,82.75862069,2.529970452,50.78939196,14.87436723,3.414558157,77.34767638,22.65232362,163.6265044,97.96274518,5.577895009,26.84334715,4.812451132
16.25,19.25,673.9513109,19.30720842,7.947105223,0,0,1,0.374531835,7.947194142,675,85,0.011791941,0.028647779,89.09923824,93.75,82.75862069,2.5205515,47.00505441,13.68752471,3.434153026,77.44777877,22.55222123,148.7073805,88.01480141,5.63004475,26.71776919,4.745569596
16.5,19.5,671.9962687,19.15411538,7.686484653,0,0,1,0.373134328,7.686507465,670,85,0.011438319,0.028503306,89.35730836,93.75,82.75862069,2.50030613,66.4654872,13.32732167,4.987160123,83.29759052,16.70240948,161.0186351,81.22582628,5.445372314,26.53503706,4.872951845
16.75,19.75,672.3970037,18.9097498,7.749400689,0,0,1,0.374531835,7.749605859,670,85,0.011525343,0.028122894,89.30218151,93.75,82.75862069,2.465934355,78.6017605,14.65507825,5.363448708,84.28525088,15.71474912,185.6594554,92.40261666,5.489983011,26.17283633,4.767380205
17,20,673.1529851,18.65924755,8.181099068,0,0,2,0.746268657,8.182149201,670,85,0.012154962,0.027719178,89.20006162,93.75,82.75862069,2.432907988,67.50907195,14.86927352,4.540172849,81.95002165,18.04997835,179.6897717,97.31142626,5.79577432,25.74381554,4.441825046
17.25,20.25,675.6578947,17.45180624,8.143733709,0,0,2,0.751879699,8.143755566,675,80,0.012053075,0.025829353,88.86066709,93.02325581,82.75862069,2.263716155,56.14227318,15.07862279,3.72330245,78.82837251,21.17162749,171.5883805,100.3674846,5.769385251,23.99677637,4.159329864
17.5,20.5,676.6541353,16.63392538,8.212425356,0,0,2,0.751879699,8.212967198,675,80,0.012137615,0.024582611,88.72428305,93.02325581,82.75862069,2.148486983,45.43105119,14.43625932,3.147009914,75.88624043,24.11375957,145.1585909,85.29128037,5.818049487,22.79309648,3.917652562
17.75,20.75,677.443609,15.48726246,8.166346383,0,0,2,0.751879699,8.166891282,675,75,0.012055455,0.022861331,88.61376582,92.30769231,82.75862069,1.995324179,46.71007933,12.48750495,3.74054541,78.90538085,21.09461915,121.2762704,62.07868614,5.785405081,21.12438603,3.651323587
18,21,674.6067416,12.56317986,8.14497782,0,0,2,0.74906367,8.145758618,675,70,0.012074825,0.018622968,88.97124091,92.30769231,83.33333333,1.643249749,51.24394885,12.89717466,3.973269356,79.89250273,20.10749727,103.9368796,39.79575608,5.770225551,16.80391245,2.912176014
18.25,21.25,674.5318352,12.2192501,8.185847436,0,0,2,0.74906367,8.186041668,675,70,0.012135886,0.018115157,88.97948637,92.30769231,83.33333333,1.599069857,45.90698011,13.38965783,3.428540199,77.4191956,22.5808044,88.58967502,29.29303709,5.799179209,16.2785032,2.807035722
18.5,21.5,673.3146067,12.71308204,8.128237732,0,0,2,0.74906367,8.128433341,675,70,0.012072266,0.01888134,89.14281667,92.30769231,83.33333333,1.668166125,42.90531743,12.8495191,3.33906017,76.95353462,23.04646538,83.42376105,27.66892452,5.758366208,17.031915,2.957768642
18.75,21.75,672.0599251,12.66500732,8.064501266,0,0,2,0.74906367,8.064588891,670,70,0.011999806,0.018845057,89.30902763,92.30769231,83.33333333,1.663262538,38.9069516,10.7941684,3.604441783,78.28184073,21.71815927,79.87992223,30.17880223,5.713212766,16.97539457,2.97125195
19,22,670.204461,10.67039331,8.126708056,0,0,1,0.371747212,8.126793717,670,50,0.012125842,0.015921102,89.54744939,92.30769231,85.71428571,1.418045474,39.12728314,9.413187742,4.156645359,80.60754754,19.39245246,78.89372006,30.35324917,5.757201461,13.94880705,2.422845049
19.25,22.25,668.9962825,9.883462043,8.092198857,0,0,1,0.371747212,8.092284883,670,50,0.012096158,0.014773568,89.70601781,92.30769231,85.71428571,1.317255385,36.97856887,10.14406325,3.64534092,78.47305468,21.52694532,72.33198647,25.20935434,5.732754119,12.74759484,2.223642349
19.5,22.5,669.4237918,9.751710093,8.291373067,0,0,1,0.371747212,8.291561976,670,50,0.012386118,0.014567319,89.64820873,92.30769231,85.71428571,1.299234823,38.00630521,9.926527365,3.82876144,79.29075577,20.70924423,71.45862068,23.52578811,5.873855048,12.47756091,2.124254142
19.75,22.75,669.0334572,9.849369039,8.045956356,0,0,1,0.371747212,8.046042876,670,50,0.012026368,0.014721788,89.70089537,92.30769231,85.71428571,1.312426647,32.78442214,10.07501083,3.254033438,76.49289752,23.50710248,64.55853112,21.69909814,5.699994557,12.70945329,2.229730777
20,23,668.5315985,10.02701229,7.635567479,0,0,0,0,7.635590272,665,55,0.011421435,0.014998561,89.76896994,93.02325581,85.71428571,1.338442115,30.42402514,9.321765745,3.263762035,76.54653351,23.45346649,60.03778414,20.29199325,5.409262883,13.10808246,2.423265933
20.25,23.25,667.7695167,9.747121664,7.780790236,0,0,0,0,7.780812604,665,60,0.011651943,0.014596536,89.87030953,93.02325581,85.10638298,1.300871829,32.63084425,8.880151789,3.674581812,78.60771208,21.39228792,56.10621741,14.59522137,5.512142999,12.63443869,2.292110109
20.5,23.5,667.2777778,9.635391444,7.602253206,0,0,0,0,7.603071185,665,60,0.011394162,0.014439851,89.93611434,93.02325581,85.10638298,1.286554078,29.02509781,9.205211435,3.153115821,75.92169246,24.07830754,52.87658115,14.6462719,5.38562457,12.51705175,2.324159731
20.75,23.75,666.1666667,8.794958847,7.819912685,0,0,1,0.37037037,7.820001046,665,60,0.011738806,0.01320234,90.08311147,93.02325581,85.10638298,1.181067144,31.45860992,10.20514889,3.082621356,75.50593325,24.49406675,58.11988854,16.45612973,5.539819938,11.13611231,2.010193911
21,24,666.7592593,9.560869727,8.007550575,0,0,2,0.740740741,8.007895732,665,60,0.012010176,0.014339313,90.0058044,93.02325581,85.10638298,1.279030794,31.49507881,10.2697707,3.06677527,75.41049275,24.58950725,56.77214203,15.00729252,5.67274727,12.27356502,2.163601591
21.25,24.25,665.701107,19.33781458,12.10104067,2,0.73800738,4,1.47601476,12.12970031,665,270,0.018220941,0.029048794,90.22778614,136.3636364,84.50704225,3.413032646,29.59143355,12.17737841,2.430033177,70.84576305,29.15423695,53.9687109,12.19989894,8.572617859,25.96945068,3.029348924
21.5,24.5,658.7240537,34.22355921,14.24915242,4,1.465201465,6,2.197802198,14.25147625,665,286.6666667,0.021634972,0.051954318,91.40424389,141.7322835,84.50704225,6.242156791,31.85431888,12.08913119,2.634955182,72.48934444,27.51065556,70.68810919,26.74465912,10.09424498,47.33508454,4.689314021
21.75,24.75,648.9628297,44.46063779,14.07093195,4,1.438848921,6,2.158273381,14.08066555,665,286.6666667,0.021697183,0.068510299,92.9807272,141.7322835,84.50704225,7.767045049,258.9058246,173.0831415,1.495846576,59.93343462,40.06656538,630.2900259,198.3010598,9.967659836,62.08173953,6.22831643
22,25,631.1637427,63.8133564,14.51340676,4,1.403508772,12,4.210526316,14.53134597,660,286.6666667,0.0230231,0.101104281,96.21725863,141.7322835,84.50704225,11.50563994,210.399615,130.9806591,1.606341092,61.63203645,38.36796355,538.2713497,196.8910756,10.28064402,89.65822477,8.721070838
22.25,25.25,607.7539282,84.08057501,16.51860321,5,1.683501684,22,7.407407407,16.53849044,655,305,0.027212478,0.138346411,100.9675441,148.1481481,84.50704225,16.34773633,191.688917,119.9194484,1.598480643,61.5159727,38.4840273,552.9474944,241.339129,11.70019691,118.3308564,10.1135782
22.5,25.5,582.6388889,98.73873637,16.9298243,6,1.941747573,27,8.737864078,16.95005621,650,320,0.029091872,0.169468153,106.3737005,153.8461538,84.50704225,20.19090813,228.6150245,164.6233028,1.38871606,58.13650619,41.86349381,667.8912873,274.65296,11.99067477,139.1218884,11.60250704
22.75,25.75,568.471346,99.66756789,18.30300153,8,2.523659306,35,11.04100946,18.30521734,595,330,0.032200774,0.175325579,109.1097248,157.8947368,84.50704225,20.51493793,309.4884735,222.8277227,1.388913685,58.13996939,41.86003061,865.4311198,333.1149235,12.96270336,140.3538973,10.82751749
23,26,558.6620083,96.22948685,19.46571815,10,3.105590062,42,13.04347826,19.46846628,557.5,330,0.034848381,0.172249921,110.7793382,157.8947368,84.50704225,19.83371389,340.4267256,227.2455573,1.498056682,59.96888273,40.03111727,998.3757089,430.7034261,13.78583131,135.3889919,9.820879774
23.25,26.25,548.766464,90.65363616,20.17053032,12,3.647416413,47,14.28571429,20.17384797,535,330,0.036762174,0.165195292,112.4045425,157.8947368,84.50704225,18.80667339,360.6447932,206.0070321,1.750643119,63.6448657,36.3551343,1087.792072,521.140247,14.28451056,127.4053227,8.919124124
23.5,26.5,547.6727642,94.09656074,26.70854307,15,4.573170732,58,17.68292683,26.737957,535,690,0.048821046,0.171811649,112.7020383,157.8947368,56.07476636,18.78117006,355.146518,177.9151428,1.996156777,66.62390942,33.37609058,1035.15575,502.0940895,18.91473568,131.7215178,6.963962914
23.75,26.75,547.5233029,96.86962933,29.25383947,20,6.079027356,63,19.14893617,29.25423664,535,690,0.053430122,0.1769233,112.8067199,157.8947368,56.07476636,18.79682558,406.3367381,203.8801287,1.993017862,66.58890638,33.41109362,1368.763801,758.5469339,20.71719346,135.4187877,6.536541157
24,27,542.1992972,91.2601011,30.31262063,22,6.626506024,67,20.18072289,30.31335834,535,690,0.055908148,0.16831468,113.5722593,157.8947368,56.07476636,17.92067342,2214.123387,496.8186366,4.45660292,81.67357943,18.32642057,4139.837513,1428.89549,21.46671119,127.2634764,5.928410516
24.25,27.25,541.9809237,89.73286662,29.25916527,20,6.024096386,65,19.57831325,29.26729602,537.0833333,690,0.054000602,0.165564622,113.5391645,157.8947368,56.07476636,17.73942219,1485.234097,279.7321035,5.309487464,84.1508521,15.8491479,3129.520729,1364.554529,20.72067797,125.1983554,6.042193969
24.5,27.5,547.6208207,94.61901881,28.72475344,18,5.47112462,65,19.75683891,28.72693987,540,690,0.05245772,0.172781997,112.6477909,157.8947368,56.07476636,18.43358186,1391.158987,227.7485145,6.10831201,85.93196249,14.06803751,2916.286677,1297.379176,20.34250153,132.2561911,6.501471359
24.75,27.75,555.1959877,101.0500481,29.15648342,18,5.555555556,68,20.98765432,29.15926119,545,690,0.052520663,0.182007886,111.5139022,157.8947368,56.07476636,19.47779597,1789.200521,238.8520533,7.490831653,88.22259066,11.77740934,3371.81049,1343.757916,20.64873591,141.4066977,6.848201186
25,28,569.0458861,104.5904185,29.60946091,18,5.696202532,67,21.20253165,29.61846226,570,690,0.052049339,0.183799622,109.0517241,157.8947368,56.07476636,20.19891845,2320.329216,293.6579365,7.901469458,88.76589978,11.23410022,4182.739892,1568.752739,20.97036334,146.4191079,6.982192225
25.25,28.25,593.4727723,104.9039463,29.93326304,19,6.270627063,66,21.78217822,29.95260179,610,690,0.050470052,0.176762863,104.4491609,157.8947368,56.07476636,19.51764465,2355.288904,338.8827605,6.950158517,87.42163445,12.57836555,4287.392805,1593.22114,21.20114361,146.833877,6.92575267
25.5,28.5,623.182526,91.3728875,30.7895221,18,6.228373702,70,24.22145329,30.80598332,630,690,0.049433323,0.146622994,98.42109574,157.8947368,56.07476636,15.05055958,1825.912997,314.0060517,5.814897476,85.32626494,14.67373506,3531.946224,1392.027175,21.80937629,127.3670297,5.840012477
25.75,28.75,643.8026786,81.16682277,30.76016009,16,5.714285714,67,23.92857143,30.76204463,655,622.5,0.04778179,0.126074068,94.67313633,134.0782123,56.07476636,11.97776203,1359.215753,193.1658738,7.036521134,87.55680495,12.44319505,2759.847501,1207.465874,21.78980267,112.700092,5.172148354
26,29,661.1985294,74.75448664,30.79262645,14,5.147058824,68,25,30.80191669,667.5,585,0.046584975,0.113059064,91.90277055,123.7113402,56.07476636,10.47314988,1489.271627,178.3070345,8.352287567,89.30742887,10.69257113,2855.656193,1188.077532,21.81395933,103.4437902,4.742091456
26.25,29.25,681.1590909,62.26117124,31.12301645,12,4.545454545,70,26.51515152,31.12824189,685,520,0.04569893,0.091404742,88.78230591,109.0909091,56.07476636,7.780591732,1890.485276,215.4406729,8.774969232,89.76978877,10.23021123,3006.429653,900.5037037,22.04925464,85.24515973,3.866124326
26.5,29.5,685.8878327,53.30716759,23.84008043,8,3.041825095,61,23.19391635,23.8652337,700,417,0.03479466,0.077719949,88.0115266,108.1081081,61.72839506,6.948614718,212.1498086,51.97264333,4.081951486,80.32251975,19.67748025,597.0092361,332.8867842,16.88974569,73.47138711,4.350058813
26.75,29.75,690.8269231,45.34278065,20.73661759,3,1.153846154,61,23.46153846,20.73676137,705,225,0.030017303,0.065635515,87.25589853,108.1081081,76.92307692,6.183505637,201.8002568,42.25159288,4.776157371,82.6874523,17.3125477,484.8818582,240.8300086,14.69139211,62.41873526,4.248660358
27,30,702.0410156,32.20877099,20.89524193,4,1.5625,69,26.953125,20.89759696,710,160,0.029766917,0.04587876,85.64877214,96.77419355,76.92307692,4.017248671,154.5676913,40.29920583,3.835502168,79.31962462,20.68037538,373.7920314,178.9251342,14.80422366,43.07719605,2.90979095
27.25,30.25,707.2047244,29.11016951,21.25361046,4,1.57480315,73,28.74015748,21.25472221,710,160,0.030054553,0.041162295,84.98904271,96.77419355,76.92307692,3.608415938,144.5067433,42.90673698,3.367926659,77.1058427,22.8941573,375.9489008,188.5354206,15.05836115,38.31513665,2.54444267
27.5,30.5,710.4891304,26.73653432,21.60161973,4,1.581027668,75,29.64426877,21.60164379,710,160,0.030403905,0.037631166,84.57267686,96.77419355,76.92307692,3.303378168,139.5311082,89.62264929,1.556873282,60.88973173,39.11026827,386.5850982,157.4313408,15.30504914,34.57513565,2.259067275
27.75,30.75,713.6011905,23.78214282,22.36474774,4,1.587301587,81,32.14285714,22.36624698,715,160,0.031342783,0.033326938,84.17644666,96.77419355,76.92307692,2.888434761,131.8141956,76.15189168,1.730937902,63.38254344,36.61745656,291.1863832,83.22029594,15.84586175,29.66629906,1.872179596
28,31,716.6633466,19.35063852,21.95321389,4,1.593625498,78,31.07569721,21.95335965,715,160,0.030632737,0.027001016,83.78253435,96.77419355,76.92307692,2.275880662,81.77044748,50.00994862,1.635083613,62.05054007,37.94945993,178.2413603,46.46096422,15.55440639,22.5156582,1.447542107
28.25,31.25,716.5039841,18.95135837,21.84244492,2,0.796812749,78,31.07569721,21.84376341,715,155,0.03048659,0.02644976,83.79863766,96.77419355,77.41935484,2.227832501,61.03053434,50.01370832,1.220276128,54.96055705,45.03944295,153.3339186,42.28967593,15.47592378,21.88158475,1.41391138
28.5,31.5,717.77,20.03641514,22.99488328,4,1.6,79,31.6,22.99489205,715,155,0.032036574,0.027914813,83.65724473,96.77419355,77.41935484,2.337977698,57.98814487,67.65223696,0.857150443,46.15406609,53.84593391,179.1475879,53.50720604,16.29258685,23.18334482,1.422938238
28.75,31.75,718.47,19.76732375,23.2488803,6,2.4,79,31.6,23.24891499,715,155,0.032358922,0.027513082,83.57377472,96.77419355,77.41935484,2.298217351,63.91900618,77.49869086,0.824775302,45.19873221,54.80126779,194.9592992,53.54160215,16.47255161,22.58648313,1.371158742
29,32,719.5916335,20.64358423,23.94674091,7,2.788844622,81,32.27091633,23.94681607,715,155,0.033278341,0.028687916,83.4488248,96.77419355,77.41935484,2.386663185,66.64583214,79.65533375,0.836677583,45.55386263,54.44613737,194.590567,48.28940109,16.96687062,23.75795531,1.400255583
29.25,32.25,719.37,20.55036178,23.88788223,7,2.8,82,32.8,23.88791599,715,155,0.033206717,0.028567165,83.4739627,96.77419355,77.41935484,2.37738985,72.07968563,73.71045469,0.977876014,49.44071353,50.55928647,191.4263777,45.6362374,16.92530426,23.6255966,1.395874263
29.5,32.5,719.97,20.71086332,25.087125,8,3.2,90,36,25.08719733,715,155,0.034844781,0.028766287,83.40547078,96.77419355,77.41935484,2.396324359,66.56543119,67.92590724,0.979971176,49.49421425,50.50578575,190.4934666,56.00212814,17.7750049,23.27936682,1.309668659
29.75,32.75,720.67,21.01051802,25.61954305,9,3.6,93,37.2,25.61982635,715,155,0.035550011,0.029154145,83.32644405,96.77419355,77.41935484,2.430440158,59.2111736,66.52594551,0.890046329,47.09124403,52.90875597,192.8916192,67.15450011,18.15223957,23.52402885,1.295929836
30,33,721.66,19.81704471,25.59677865,7,2.8,95,38,25.59728274,715,90,0.035470004,0.027460362,83.20302591,87.59124088,77.41935484,2.240910357,46.40460354,47.15886355,0.984005976,49.59692601,50.40307399,151.8159921,58.25252501,18.13611029,21.36614204,1.178099476
30.25,33.25,722.1686747,20.39221425,26.84330252,8,3.212851406,101,40.562249,26.84333281,715,90,0.037170447,0.028237467,83.14801569,87.59124088,77.41935484,2.305349381,46.53105799,52.78923352,0.881449775,46.849498,53.150502,157.5137658,58.19347425,19.01946567,21.67820863,1.139790623
30.5,33.5,723.815261,20.61802199,27.2754466,8,3.212851406,106,42.57028112,27.2754764,720,90,0.037682925,0.028485199,82.96025783,87.59124088,77.41935484,2.329099095,43.85765308,52.42597569,0.836563412,45.55047794,54.44952206,159.1272575,62.84362872,19.32565562,21.83402611,1.129794846
30.75,33.75,724.2369478,20.77675307,27.69905227,8,3.212851406,108,43.37349398,27.69905961,720,90,0.038245853,0.028687784,82.91303285,87.59124088,77.41935484,2.348990263,57.87010206,58.26918074,0.993151119,49.82818963,50.17181037,177.1150439,60.97576112,19.6257958,21.86721462,1.114207793
31,34,726.4516129,21.12977247,29.10261025,10,4.032258065,116,46.77419355,29.10263842,725,90,0.040061358,0.029086276,82.66232452,87.59124088,77.41935484,2.38081924,67.08722716,47.85254601,1.40195732,58.36728689,41.63271311,176.094979,61.15520587,20.62043717,21.62711586,1.048819464
31.25,34.25,725.8669355,20.90934828,29.13694611,10,4.032258065,118,47.58064516,29.13739615,725,90,0.040141512,0.028806035,82.72758608,87.59124088,77.41935484,2.359895576,62.62328163,49.07702026,1.276020453,56.06366372,43.93633628,170.2855068,58.58520493,20.64476559,21.17062458,1.025471783
31.5,34.5,723.7751004,20.61566559,28.22335819,8,3.212851406,116,46.58634538,28.22361743,720,90,0.03899501,0.028483524,82.96517014,87.59124088,77.41935484,2.340203268,59.40029467,47.53603466,1.249584554,55.5473477,44.4526523,165.5426504,58.60632108,19.9972858,21.21602923,1.060945443
31.75,34.75,723.2128514,21.1398682,28.78766111,7,2.81124498,124,49.79919679,28.78766817,720,105,0.03980525,0.029230493,83.03338973,89.55223881,77.41935484,2.409891412,63.02613514,46.93583775,1.342814748,57.31630079,42.68369921,163.4894021,53.52742922,20.39711514,21.85739576,1.071592508
32,35,720.4216867,21.058743,28.89199428,7,2.81124498,124,49.79919679,28.89427335,720,105,0.040107445,0.029231134,83.35513406,89.55223881,77.41935484,2.420731577,64.69130243,49.32110335,1.311635346,56.74058186,43.25941814,157.3860556,43.37364983,20.47103902,21.63048485,1.056638348
32.25,35.25,719.08,21.06486444,29.11161849,7,2.8,125,50,29.11168081,715,105,0.04048462,0.029294188,83.51096351,89.55223881,77.41935484,2.430360639,65.31152762,55.84257651,1.169565083,53.90781277,46.09218723,156.3248837,35.17077953,20.62648315,21.49430671,1.042073268
32.5,35.5,718.2270916,21.06998394,28.54467376,6,2.390438247,122,48.60557769,28.54470179,715,105,0.039743282,0.029336103,83.61019418,89.55223881,77.41935484,2.431793209,64.63050822,55.01634345,1.174751068,54.01772576,45.98227424,164.4429809,44.79612926,20.22462216,21.88271247,1.081983747
32.75,35.75,716.5338645,21.24000585,28.29840985,5,1.992031873,119,47.41035857,28.29840985,715,105,0.039493472,0.02964271,83.80911632,89.55223881,77.41935484,2.457845782,68.51680011,49.5449147,1.38292296,58.03473228,41.96526772,166.1717331,48.11001826,20.05013796,22.36666415,1.115536671
33,36,716.5139442,20.99759045,27.59968116,6,2.390438247,111,44.22310757,27.60072463,715,105,0.038520848,0.029305208,83.80995565,89.55223881,77.41935484,2.435253262,64.6564585,45.26719139,1.42832936,58.81942472,41.18057528,149.570344,39.64669411,19.55507104,22.34718788,1.14278224
33.25,36.25,716.547619,20.42344842,26.94542513,5,1.984126984,112,44.44444444,26.94616146,715,105,0.037605542,0.02850257,83.80229207,89.55223881,77.41935484,2.372676747,57.31029695,47.52345618,1.205937058,54.6677909,45.3322091,144.7313074,39.89755432,19.09136139,21.67381856,1.135268361
33.5,36.5,715.0198413,19.66096106,26.68915352,5,1.984126984,110,43.65079365,26.68989692,715,105,0.037327491,0.027497085,83.97655004,89.55223881,77.41935484,2.289648348,48.79371089,49.9710498,0.97643958,49.40396813,50.59603187,134.0306864,35.26592576,18.90978793,20.38447202,1.077985226
33.75,36.75,713.4920635,19.3548314,25.77070315,5,1.984126984,104,41.26984127,25.77098031,712.5,105,0.036119505,0.027126905,84.15459161,89.55223881,77.41935484,2.260318742,36.65259931,54.08156803,0.677728118,40.39558678,59.60441322,119.5914917,28.85732442,18.25904786,20.39181621,1.11680611
34,37,710.2362205,18.12733036,24.23265005,3,1.181102362,96,37.79527559,24.2333028,710,90,0.03412006,0.02552296,84.53366525,90.22556391,79.47019868,2.149676765,44.06046352,48.55479068,0.907438028,47.57365717,52.42634283,115.6490328,23.03377865,17.16903567,19.03744799,1.108824535
34.25,37.25,708.6023622,17.66272046,24.11271293,3,1.181102362,96,37.79527559,24.11271293,710,90,0.034028553,0.024926138,84.72612458,90.22556391,79.47019868,2.107410952,37.06272218,48.93926456,0.757320783,43.09519301,56.90480699,107.1174601,21.11547333,17.08405922,18.2230159,1.066667803
34.5,37.5,708.976378,17.56229548,23.84270844,3,1.181102362,94,37.00787402,23.84278215,710,90,0.033629868,0.024771341,84.68082267,90.22556391,79.47019868,2.094989633,31.73054944,52.09355047,0.609107061,37.85373118,62.14626882,104.1674896,20.34338974,16.89275877,18.20722785,1.077812576
34.75,37.75,708.7007874,17.14519025,22.94520023,3,1.181102362,87,34.2519685,22.94520023,710,90,0.032376428,0.024192424,84.71134702,90.22556391,79.47019868,2.046263963,28.06234462,54.94387244,0.510745664,33.80752143,66.19247857,107.7800725,24.77385548,16.25686668,17.98970215,1.106590987
35,38,708.0588235,16.99514957,21.66309739,2,0.784313725,80,31.37254902,21.66313317,710,90,0.030595104,0.024002454,84.78733132,90.22556391,79.47019868,2.03006956,27.63266117,57.81417607,0.477956499,32.33900992,67.66099008,106.192574,20.7457368,15.34836618,18.49588801,1.205072109
35.25,38.25,706.2156863,17.12886973,21.08751975,2,0.784313725,75,29.41176471,21.08755651,705,90,0.029859938,0.024254445,85.00959972,90.22556391,79.47019868,2.054961131,25.21025933,54.3795957,0.463597771,31.67521705,68.32478295,98.62912839,19.03927336,14.94056779,19.06766348,1.276234193
35.5,38.5,704.8627451,17.78261073,20.57003728,2,0.784313725,69,27.05882353,20.57012205,705,90,0.02918316,0.025228473,85.17682016,90.22556391,79.47019868,2.140360913,26.74016127,52.09197107,0.513325964,33.92038306,66.07961694,103.6664102,24.83427787,14.57392998,20.49495191,1.406274899
35.75,38.75,703.828125,17.92122605,20.02647229,2,0.78125,67,26.171875,20.02694264,705,90,0.028454309,0.025462503,85.30293938,90.22556391,79.47019868,2.159632677,25.20118225,53.30233856,0.472796934,32.10197707,67.89802293,96.17676315,17.67324235,14.18870268,21.00050958,1.480086662
36,39,701.5625,16.86451199,19.68461441,1,0.390625,67,26.171875,19.68626474,700,90,0.0280606,0.024038503,85.57235266,90.22556391,79.47019868,2.042035138,24.74189391,56.48736015,0.438007615,30.45933906,69.54066094,97.59294704,16.36369297,13.94649727,19.34731876,1.387252898
36.25,39.25,699.3385214,15.54825511,18.85383845,1,0.389105058,58,22.56809339,18.85387891,700,80,0.026959589,0.022232802,85.83742679,90.22556391,80.53691275,1.896559676,24.53991963,52.3425077,0.468833472,31.91876282,68.08123718,94.85786759,17.97544026,13.35779198,17.46613486,1.307561526
36.5,39.5,697.9844961,15.10114969,18.33468788,1,0.387596899,53,20.54263566,18.33510191,695,80,0.026268638,0.021635366,86.00164208,90.22556391,80.53691275,1.846112299,23.75842797,48.07225898,0.494223248,33.07559621,66.92440379,86.61753205,14.7868451,12.9898789,16.95147457,1.304975566
36.75,39.75,696.0810811,18.97600003,20.36047102,5,1.930501931,55,21.23552124,20.36092295,695,200,0.029250792,0.027261192,86.26561432,110.0917431,80.53691275,2.543437065,27.60310541,38.9191954,0.70924142,41.49451399,58.50548601,81.52319864,15.00089783,14.42500971,22.62954371,1.568771472
37,40,698.7548638,20.84233147,19.94362834,5,1.945525292,54,21.01167315,19.94458469,700,210,0.028543035,0.029827816,85.94803231,110.0917431,79.47019868,2.739086585,55.382758,88.52938403,0.625586167,38.48372849,61.51627151,171.3479205,27.43577851,14.1298993,25.86796297,1.830725217
37.25,40.25,698.4108527,20.95984721,19.66721757,5,1.937984496,52,20.15503876,19.66730417,695,210,0.028160078,0.03001077,85.99120133,110.0917431,79.47019868,2.751607091,54.20415952,77.95232757,0.69535011,41.01513343,58.98486657,182.7616303,50.60514326,13.9339582,26.16247693,1.877605527
37.5,40.5,696.4922481,20.39073949,19.42578183,5,1.937984496,51,19.76744186,19.42593771,695,210,0.027891104,0.029276334,86.22403364,110.0917431,79.47019868,2.689374673,64.05285638,79.57208291,0.804966441,44.59730789,55.40269211,220.295954,76.67101468,13.76290424,25.34061919,1.841226151
37.75,40.75,695.03861,19.99565548,19.00198493,4,1.544401544,51,19.69111969,19.00207387,695,210,0.027339595,0.028769129,86.40171945,110.0917431,79.47019868,2.649539114,83.60064294,104.5640419,0.799516176,44.4295076,55.5704924,275.4808676,87.31618281,13.46254794,24.86789656,1.847190939
38,41,694.2857143,19.99015385,19.03006044,4,1.544401544,51,19.69111969,19.03009992,695,210,0.027409609,0.028792403,86.49538675,110.0917431,79.47019868,2.649271227,92.97136889,107.9458378,0.861277941,46.27347276,53.72652724,287.0101174,86.09291073,13.48243891,24.84826639,1.843009751
38.25,41.25,693.8846154,19.87238184,18.57695971,4,1.538461538,49,18.84615385,18.5771202,695,210,0.026772636,0.028639318,86.54451716,110.0917431,79.47019868,2.634523171,86.07824696,97.74353125,0.880654155,46.82701244,53.17298756,254.3744959,70.55271767,13.16132673,24.83148402,1.886700675
38.5,41.5,694.2471042,19.6760332,18.25273802,4,1.544401544,48,18.53281853,18.25299522,695,210,0.026291784,0.028341542,86.49796351,110.0917431,79.47019868,2.612465533,70.99613538,75.98785614,0.934308967,48.30195088,51.69804912,213.5716553,66.5876638,12.93172063,24.63865188,1.90528798
38.75,41.75,694.9227799,19.82520625,18.1304742,4,1.544401544,45,17.37451737,18.13048456,695,210,0.026089927,0.028528646,86.41482367,110.0917431,79.47019868,2.626987313,62.83337861,70.41398716,0.892342291,47.15543774,52.84456226,206.4467598,73.199394,12.84509902,24.92149749,1.94015612
39,42,695.4826255,20.10343672,18.22642222,4,1.544401544,47,18.14671815,18.22643252,695,210,0.026206884,0.028905735,86.34721493,110.0917431,79.47019868,2.658514206,74.1891202,87.94782385,0.843558339,45.75707322,54.24292678,247.2340571,85.09711307,12.91307638,25.32881352,1.961485611
39.25,42.25,694.9034749,20.35804913,18.26622097,4,1.544401544,48,18.53281853,18.26626209,695,210,0.026286042,0.029296226,86.42107508,110.0917431,79.47019868,2.69012596,86.80296666,109.0855864,0.795732686,44.31242423,55.68757577,279.7524778,83.86392474,12.94127305,25.71816052,1.987297573
39.5,42.5,694.2277992,20.59159532,18.30495862,4,1.544401544,48,18.53281853,18.30512276,695,210,0.026367603,0.029661151,86.50697786,110.0917431,79.47019868,2.720042716,56.63539719,36.92438399,1.533821043,60.53391369,39.46608631,169.3369766,75.77719544,12.96871795,26.07374063,2.010510271
39.75,42.75,695.1544402,17.21318928,15.78348876,0,0,44,16.98841699,15.78378621,695,95,0.022705438,0.024761676,86.36373716,90.90909091,79.47019868,2.104681049,45.99596938,38.65302518,1.18997075,54.33728967,45.66271033,122.793314,38.14431942,11.18230411,21.6227622,1.933658931
40,43,693.6153846,15.01627669,15.7252625,0,0,42,16.15384615,15.72568909,695,85,0.022672059,0.021649284,86.54342566,90.90909091,80.53691275,1.859272006,54.60840014,38.29251128,1.426085632,58.7813395,41.2186605,114.6664203,21.76550883,11.14096821,18.07915812,1.622763639
40.25,43.25,693.5328185,14.39240635,15.26572173,0,0,39,15.05791506,15.26573404,695,85,0.022011552,0.020752308,86.55055442,90.90909091,80.53691275,1.786528915,47.51001054,37.24632478,1.275562376,56.05481922,43.94518078,112.6797431,27.92340782,10.81547593,17.24262746,1.594255081
40.5,43.5,693.3846154,14.39534707,15.68247375,1,0.384615385,36,13.84615385,15.68266387,695,100,0.022617554,0.020760984,86.56920278,93.02325581,80.53691275,1.793502321,48.12645851,36.2215408,1.328669555,57.05702435,42.94297565,117.1466286,32.79862927,11.11065342,17.05888083,1.53536252
40.75,43.75,693.5769231,14.38218835,15.21720519,1,0.384615385,32,12.30769231,15.21721744,695,100,0.021940201,0.020736256,86.54503612,93.02325581,80.53691275,1.787191023,53.51794233,38.0699712,1.405778377,58.43341143,41.56658857,126.8456231,35.25770958,10.78102189,17.24715196,1.599769681
41,44,694.4594595,14.5306845,15.15044093,2,0.772200772,29,11.1969112,15.15104827,695,100,0.021817038,0.020923733,86.43577074,93.02325581,80.53691275,1.803341914,59.94008621,44.68741826,1.341319068,57.28903362,42.71096638,134.8982783,30.27077378,10.73380165,17.52332976,1.632537132
41.25,44.25,694.6138996,14.57557024,15.25878219,2,0.772200772,30,11.58301158,15.25938522,695,100,0.021968154,0.020983701,86.41675998,93.02325581,80.53691275,1.807667512,67.06675769,49.09473946,1.366068105,57.73578969,42.26421031,145.2872246,29.12572743,10.81055939,17.55067809,1.623475479
41.5,44.5,693.8269231,14.91510229,15.50614914,2,0.769230769,32,12.30769231,15.5062573,695,100,0.022348884,0.021496863,86.51666226,93.02325581,80.53691275,1.854422088,61.768489,45.96578355,1.3437928,57.33411248,42.66588752,140.1236495,32.38937693,10.9857317,18.00650581,1.639081156
41.75,44.75,692.9615385,14.72654413,15.70408442,2,0.769230769,34,13.07692308,15.70419121,690,90,0.022662428,0.021251604,86.623886,93.02325581,81.63265306,1.839359658,54.19232532,39.87725803,1.358978224,57.60876511,42.39123489,124.679604,30.61002061,11.12596405,17.60554253,1.582383553
42,45,692.3846154,14.27414144,15.41258868,2,0.769230769,29,11.15384615,15.41260077,690,90,0.022260172,0.020615914,86.69378583,93.02325581,81.63265306,1.786852605,53.96017153,41.05853415,1.314225475,56.7889987,43.2110013,124.4475326,29.42882695,10.91944637,16.97845454,1.554882359
42.25,45.25,693.0961538,14.33636144,15.38439263,2,0.769230769,28,10.76923077,15.38439263,690,90,0.022196621,0.02068452,86.60498783,93.02325581,81.63265306,1.788927361,55.6174277,45.40370427,1.224953527,55.05524103,44.94475897,131.1125612,30.09142927,10.89947015,17.09573248,1.568492068
42.5,45.5,693.5521236,13.82084236,15.287885,2,0.772200772,30,11.58301158,15.28793414,690,90,0.022042949,0.019927619,86.54537756,93.02325581,81.63265306,1.721219836,49.35532124,44.07630319,1.119769982,52.82507024,47.17492976,120.1048024,26.67317798,10.83117819,16.27012434,1.502156464
42.75,45.75,693.4169884,13.65422461,15.24031057,2,0.772200772,29,11.1969112,15.24032289,690,90,0.021978583,0.019691217,86.56143309,93.02325581,81.63265306,1.700966726,40.65317561,38.91637372,1.044629078,51.09137346,48.90862654,98.42479143,18.8552421,10.7974726,16.00906884,1.48266816
43,46,693.011583,13.10378448,15.24980778,2,0.772200772,28,10.81081081,15.24985703,690,85,0.022005198,0.018908464,86.60952482,93.02325581,82.19178082,1.637391316,43.53373035,35.80526588,1.215847147,54.87053331,45.12946669,95.16444083,15.8254446,10.80420119,15.05614731,1.393545626
43.25,46.25,693.0769231,13.36861731,14.88696146,2,0.769230769,25,9.615384615,14.88696146,690,90,0.021479523,0.019288793,86.60252981,93.02325581,81.63265306,1.665837158,43.18469471,36.51798449,1.182559643,54.18223721,45.81776279,95.80655422,16.10387502,10.5470522,15.69074719,1.487690294
43.5,46.5,693.8030888,13.25494752,14.19278285,1,0.386100386,25,9.652509653,14.19343117,695,85,0.020457434,0.019104769,86.51122602,92.30769231,81.63265306,1.645223778,43.28718415,35.96803777,1.203490288,54.61745371,45.38254629,101.8809783,22.62575643,10.05531897,15.82017156,1.573313746
43.75,46.75,694.1505792,13.01655586,14.20695974,1,0.386100386,25,9.652509653,14.2070787,695,85,0.020466854,0.018751776,86.46680195,92.30769231,81.63265306,1.615656972,42.03332276,33.11246593,1.269410827,55.93569979,44.06430021,100.5353018,25.38951313,10.06536303,15.41265454,1.531256696
44,47,694.3629344,13.09918693,14.12837219,0,0,26,10.03861004,14.12842536,695,85,0.020347321,0.018865043,86.44069006,92.30769231,81.63265306,1.623115711,42.74985045,33.76119419,1.266242249,55.87409066,44.12590934,94.46541399,17.95436935,10.00968523,15.58793117,1.557284851
44.25,47.25,695.984556,13.47894399,14.2240669,0,0,26,10.03861004,14.22411971,695,85,0.020437407,0.019366729,86.24096769,92.30769231,81.63265306,1.664450019,47.03433726,35.2606337,1.333905047,57.15335544,42.84664456,96.21215089,13.91717993,10.07748313,16.18048813,1.60560806
44.5,47.5,695.7142857,13.70973416,13.79507406,0,0,24,9.266409266,13.79529186,695,75,0.019828962,0.019705983,86.27557023,90.90909091,81.63265306,1.692244551,50.29602373,37.22620253,1.351091981,57.46657264,42.53342736,102.7735236,15.25129734,9.773549791,16.74489014,1.713286421
44.75,47.75,695.8914729,13.59431119,13.58065844,0,0,23,8.914728682,13.58071418,695,70,0.019515563,0.019535102,86.25301167,90.22556391,81.63265306,1.676260582,53.12790236,32.42604256,1.638433129,62.09871726,37.90128274,111.2156326,25.66168768,9.621713207,16.64431519,1.729870225
45,48,695.6949807,13.40700145,13.33453044,0,0,23,8.88030888,13.33454452,695,70,0.019167228,0.019271379,86.27646361,90.22556391,81.63265306,1.652379799,51.4029,29.65708323,1.733241924,63.4134106,36.5865894,110.3288459,29.26886267,9.44726332,16.43911772,1.740093101
45.25,48.25,695.9689922,13.25560625,13.5052811,0,0,26,10.07751938,13.50529511,695,70,0.019405024,0.01904626,86.24175209,90.22556391,81.63265306,1.632146013,53.97310791,31.14865102,1.732759081,63.40694623,36.59305377,116.2514683,31.12970936,9.56830938,16.120473,1.684777567
45.5,48.5,696.9111969,13.65819706,13.72805896,0,0,26,10.03861004,13.72840094,695,70,0.019698924,0.019598189,86.12699484,90.22556391,81.63265306,1.678083833,48.46217083,33.49522017,1.446838402,59.13093406,40.86906594,110.3337184,28.37632735,9.726070857,16.68820661,1.715822026
45.75,48.75,696.5250965,13.90340247,13.60426466,0,0,27,10.42471042,13.60431988,695,70,0.019531701,0.019961093,86.17595514,90.22556391,81.63265306,1.709641407,44.55286468,35.93818198,1.239708361,55.35132978,44.64867022,104.969267,24.47822038,9.638364934,17.13800227,1.778102654
46,49,695.9073359,14.05440372,13.55078062,0,0,28,10.81081081,13.55079448,695,70,0.019472125,0.020195798,86.25324842,90.22556391,81.63265306,1.730707092,41.00975298,33.68479593,1.217455883,54.90327417,45.09672583,99.3088106,24.6142617,9.600472498,17.40354721,1.812780279
46.25,49.25,695.9266409,13.62248571,13.29085818,0,0,26,10.03861004,13.29087231,695,70,0.019098094,0.0195746,86.24880814,90.22556391,81.63265306,1.680712319,44.87395529,36.36416681,1.23401577,55.23755859,44.76244141,111.1445456,29.90642354,9.416322353,16.80705528,1.784885293
46.5,49.5,695.4247104,13.68290988,13.84053388,1,0.386100386,28,10.81081081,13.84087307,695,70,0.019902763,0.019675616,86.31135453,90.22556391,81.63265306,1.688363449,56.68975148,38.98048341,1.454311145,59.25536981,40.74463019,129.8632685,34.1930336,9.805757215,16.68206135,1.701251722
46.75,49.75,695.1158301,13.73143921,13.97650986,1,0.386100386,28,10.81081081,13.97672484,695,70,0.020107044,0.019754174,86.34994226,90.22556391,81.63265306,1.694291627,53.2027726,36.22631404,1.468622298,59.4915755,40.5084245,121.7870134,32.35792672,9.902093637,16.70489112,1.687005974
47,50,694.4594595,13.20299536,13.60720454,1,0.386100386,26,10.03861004,13.60788075,695,70,0.019594925,0.019011902,86.42908008,90.22556391,81.63265306,1.631569997,43.49402801,32.85500903,1.32381726,56.96735637,43.03264363,105.6703359,29.32129882,9.640447777,15.99062037,1.658701
47.25,50.25,693.2432432,12.40087451,13.36345356,1,0.386100386,25,9.652509653,13.36358003,695,65,0.019276899,0.017888201,86.57714315,90.22556391,82.19178082,1.537216797,36.0083609,35.43711615,1.016119956,50.3997767,49.6002233,86.44649883,15.00102179,9.46775481,14.76228289,1.559216856
47.5,50.5,694.7876448,11.96948971,13.43223192,1,0.386100386,24,9.266409266,13.43228784,695,65,0.01933294,0.017227551,86.38270292,90.22556391,82.19178082,1.476625792,29.56899801,38.9051152,0.760028543,43.18273961,56.81726039,84.43113198,15.95701877,9.516482977,13.99906853,1.471033843
47.75,50.75,696.3513514,12.43230149,12.95793013,1,0.386100386,21,8.108108108,12.95864023,695,65,0.018609342,0.017853489,86.19060299,90.22556391,82.19178082,1.527066919,33.7451752,41.26316276,0.817803894,44.98856543,55.01143457,95.49489824,20.48656029,9.180449106,14.99478558,1.633339002
48,51,696.9379845,12.59686326,13.30927012,1,0.387596899,24,9.302325581,13.3093981,695,65,0.019096962,0.018074583,86.11878262,90.22556391,82.19178082,1.547531592,40.29296923,37.63759301,1.07055117,51.70368091,48.29631909,97.16057519,19.23001295,9.429438249,15.11448386,1.602903955
48.25,51.25,696.8918919,12.87581908,13.38887835,1,0.386100386,23,8.88030888,13.38893446,695,75,0.019212355,0.018476064,86.12574002,90.22556391,81.08108108,1.582476542,39.84414523,31.94340837,1.247335437,55.50285981,44.49714019,90.12991952,18.34236592,9.485767795,15.5432829,1.638589857
48.5,51.5,699.3190661,17.37745448,13.68319844,1,0.389105058,25,9.727626459,13.68593028,695,110,0.019570366,0.024849107,85.84897564,90.22556391,77.41935484,2.067518263,40.61585826,35.09526358,1.157303126,53.64582808,46.35417192,87.48096824,11.7698464,9.694435373,22.58251029,2.329430175
48.75,51.75,701.1914063,17.56909286,14.11170899,1,0.390625,26,10.15625,14.11437871,700,110,0.020129138,0.025056058,85.62072836,90.22556391,77.41935484,2.084454123,62.8343111,35.61007016,1.764509612,63.82721928,36.17278072,132.798721,34.35433969,9.998108513,22.74607381,2.275037702
49,52,701.8287938,17.24597631,14.78354361,1,0.389105058,32,12.45136187,14.78359522,700,105,0.02106439,0.024572911,85.5409706,89.55223881,77.41935484,2.041870559,57.02297959,37.044805,1.539297605,60.6190311,39.3809689,163.1666644,69.0988798,10.47402102,22.02594564,2.102912109
49.25,52.25,701.9335938,17.61437371,15.22058745,1,0.390625,36,14.0625,15.22060008,700,105,0.021683818,0.025094074,85.53046251,89.55223881,77.41935484,2.08963342,79.26548754,44.68781028,1.773760832,63.94786499,36.05213501,197.2593315,73.30603371,10.78374597,22.45535894,2.082333821
49.5,52.5,703.6132813,17.61045978,14.598747,0,0,32,12.5,14.59922104,705,105,0.020748928,0.025028606,85.32619345,89.55223881,77.41935484,2.086491524,96.34726203,45.53644321,2.115827571,67.90579783,32.09420217,209.7289751,67.84526989,10.34317366,22.6555809,2.190389685
49.75,52.75,704.5882353,17.3013773,14.5570966,0,0,31,12.15686275,14.55710991,705,105,0.02066045,0.024555303,85.20625024,89.55223881,77.41935484,2.047225561,105.1874626,48.27139112,2.179084964,68.54440786,31.45559214,224.6539304,71.19507667,10.31374439,22.18787933,2.151292344
50,53,706.5490196,17.61499197,15.02293543,0,0,35,13.7254902,15.02294833,705,105,0.021262429,0.024931026,84.97159317,89.55223881,77.41935484,2.083263579,92.52342454,47.79969092,1.935649013,65.93598228,34.06401772,210.2833924,69.96027689,10.64379253,22.52300079,2.11606913
50.25,53.25,711.0079051,21.06052688,15.60538262,0,0,38,15.01976285,15.60719885,710,135,0.021950809,0.029620665,84.45907592,89.55223881,74.53416149,2.432790638,74.98784653,53.32281525,1.406299464,58.44241273,41.55758727,204.0380942,75.7274324,11.05663144,27.65578577,2.501284945
50.5,53.5,704.6176471,36.53795459,16.09108965,0,0,40,15.68627451,16.09802368,710,230,0.022846467,0.051855009,85.40228444,104.3478261,74.53416149,4.850082484,78.57022473,56.08472417,1.400920231,58.34930344,41.65069656,224.8885997,90.23365081,11.40058283,50.39911668,4.420749135
50.75,53.75,688.8218391,58.121081,15.83163125,0,0,40,15.3256705,15.84761291,705,280,0.023006839,0.084377524,87.81520602,114.2857143,74.53416149,8.469804993,200.9786563,72.23519892,2.782281481,73.56093128,26.43906872,632.9786309,359.7647757,11.21624429,81.42675223,7.259716363
51,54,670.8457249,75.6574678,15.20303518,0,0,37,13.75464684,15.21077172,705,300,0.022674023,0.112779235,90.7335401,118.8118812,74.53416149,11.54401141,224.6196847,63.5040374,3.537092976,77.95945542,22.04054458,730.2594417,442.1357196,10.77028186,106.4523645,9.883897731
51.25,54.25,656.9251825,82.32869708,14.36223394,0,0,33,12.04379562,14.37418708,697.5,300,0.021881011,0.125324313,92.89871794,118.8118812,74.53416149,12.54611924,223.9291546,57.05599733,3.924725972,79.69430166,20.30569834,756.0096902,475.0245383,10.17428433,115.9849674,11.39981581
51.5,54.5,635.0616197,90.0493068,13.06448041,0,0,25,8.802816901,13.08864996,685,320,0.020610047,0.141796172,96.4928921,123.7113402,74.53416149,14.28297625,266.6454901,58.2229537,4.579731415,82.0779904,17.9220096,816.1592932,491.2908493,9.254347597,127.0122528,13.72460365
51.75,54.75,618.005137,92.85887839,12.56714916,0,0,24,8.219178082,12.5941827,585,330,0.020378767,0.150255836,99.30525647,126.3157895,74.53416149,14.84663668,256.3746777,50.21519608,5.105519797,83.62137814,16.37862186,819.0175608,512.427687,8.901624442,131.0202415,14.71868897
52,55,605.5082071,90.91193598,13.66965182,3,1.01010101,21,7.070707071,13.66981363,565,330,0.022575769,0.150141542,101.2532717,126.3157895,74.53416149,14.4884634,218.3839161,39.99179369,5.460718212,84.52184467,15.47815533,767.1826752,508.8069654,9.682272526,128.2037979,13.24108546
52.25,55.25,600.9666667,89.08234128,17.43276346,6,2,24,8,17.43276346,560,330,0.029007871,0.148231751,101.9236107,126.3157895,74.53416149,14.1503432,174.9517385,36.37262875,4.809983344,82.7882467,17.2117533,724.5330598,513.2086926,12.34749053,125.3749039,10.15387731
52.5,55.5,597.9069767,87.95311485,20.96208652,9,2.990033223,32,10.63122924,20.96357725,560,420,0.035061603,0.14710167,102.370223,126.3157895,67.03910615,13.84748634,365.7759931,141.240704,2.589734989,72.1427904,27.8572096,1100.32771,593.3110131,14.84719951,123.4951881,8.317742886
52.75,55.75,591.9180328,82.91952105,20.69978449,9,2.950819672,31,10.16393443,20.7004379,565,420,0.034971798,0.140086155,103.1797532,126.3157895,67.03910615,13.07955229,672.4986931,187.9852113,3.577402119,78.15354706,21.84645294,1746.933283,886.4493791,14.66109148,116.345805,7.935685084
53,56,587.6058632,77.26448587,20.31130282,9,2.931596091,27,8.794788274,20.31343219,565,420,0.034569826,0.131490325,103.7130369,126.3157895,67.03910615,12.33617601,803.9634371,200.8041975,4.003718284,80.01486208,19.98513792,1851.039781,846.2721466,14.38578538,108.3173612,7.529471512
53.25,56.25,579.5659164,64.99515048,19.79919952,9,2.893890675,24,7.717041801,19.8020965,565,420,0.034167117,0.112144535,104.7246787,126.3157895,67.03910615,10.82586752,816.0577858,241.0872396,3.38490659,77.19449709,22.80550291,1545.459272,488.3142468,14.02278391,90.84107387,6.478105524
53.5,56.5,580.6370968,63.88095731,19.40495225,9,2.903225806,22,7.096774194,19.40609238,565,420,0.033422068,0.110018732,104.5110604,126.3157895,67.03910615,10.81359106,886.4247632,286.4034907,3.095020808,75.58009966,24.41990034,1705.439292,532.6110384,13.74363023,89.28978688,6.496812368
53.75,56.75,586.3599349,64.53435667,19.5301697,9,2.931596091,22,7.166123779,19.53238423,585,420,0.033311253,0.110059288,103.5210649,126.3157895,67.03910615,10.97893914,858.3040489,272.935303,3.144716126,75.87289528,24.12710472,1679.65701,548.4176582,13.83253611,90.21101554,6.521654079
54,57,594.2963576,62.48603165,19.70892207,9,2.98013245,22,7.284768212,19.71010508,610,420,0.033165448,0.105142882,102.0624281,126.3157895,67.03910615,10.61585186,732.3042945,220.8546417,3.315774977,76.82919046,23.17080954,1526.792103,573.6331666,13.95952031,87.25904019,6.250862368
54.25,57.25,600.025,61.29538346,19.73950566,9,3,22,7.333333333,19.74206254,615,420,0.032902067,0.102154716,101.0507886,126.3157895,67.03910615,10.4595541,649.3980528,180.9152223,3.589515822,78.21120923,21.78879077,1336.453055,506.1397798,13.98133805,85.54981153,6.118857237
54.5,57.5,611.7772109,52.58754056,19.95394135,9,3.06122449,22,7.482993197,19.958144,620,420,0.032623222,0.085958646,98.80251877,126.3157895,67.03910615,8.589630467,716.1610723,203.4491394,3.520098804,77.87658979,22.12341021,1339.077795,419.4675838,14.13370681,73.01463673,5.165993446
54.75,57.75,623.0882353,42.20481737,19.60580485,8,2.76816609,20,6.920415225,19.60857955,625,385,0.031469988,0.067734897,96.71800232,117.6470588,67.03910615,6.349301639,847.9416095,262.3873789,3.23164023,76.36850144,23.63149856,1476.211233,365.8822444,13.88752882,58.04851214,4.179902191
55,58,629.3498689,34.29663691,18.64134608,6,2.097902098,17,5.944055944,18.64297856,625,355,0.029622599,0.054495343,95.58801878,111.1111111,67.03910615,4.674782507,669.7457261,141.3686711,4.737582385,82.57105636,17.42894364,1174.056178,362.9417807,13.20460856,46.67072872,3.534427281
55.25,58.25,627.972028,28.92056733,14.34993348,3,1.048951049,10,3.496503497,14.3514777,625,325,0.022853689,0.04605391,95.71886507,105.2631579,67.03910615,3.807801272,155.2535277,10.71562514,14.488518,93.54360436,6.456395635,329.0164125,163.0472597,10.1647839,39.6166076,3.897437269
55.5,58.5,625.4340278,16.70827233,7.342828407,0,0,2,0.694444444,7.34301441,625,105,0.01174067,0.026714684,96.00131464,105.2631579,88.88888889,2.550097402,113.3199267,9.005624164,12.58323961,92.63798602,7.362013985,222.5035882,100.1780373,5.201233048,23.04950983,4.431547214
55.75,58.75,627.0905923,15.04023097,6.888932719,0,0,1,0.348432056,6.889487279,625,85,0.010986431,0.023984144,95.73399364,101.6949153,88.88888889,2.258368714,64.27930985,8.886248665,7.233570911,87.85460147,12.14539853,150.7689376,77.60337913,4.879749542,20.70278096,4.242590892
56,59,626.5156794,13.96369912,6.780783213,0,0,1,0.348432056,6.780783213,625,85,0.010823006,0.022287869,95.81468449,101.6949153,88.88888889,2.110505326,69.11859267,8.574033535,8.061385856,88.9641605,11.0358395,127.8089817,50.11635549,4.803142246,19.15462375,3.987935973
56.25,59.25,628.2752613,13.29088945,6.186736644,0,0,0,0,6.18762582,630,75,0.009848591,0.021154564,95.54179819,100,88.88888889,2.001860807,28.49728234,7.364574527,3.869508311,79.46404573,20.53595427,54.64191079,18.78005392,4.382351597,18.27814212,4.170852502
56.5,59.5,627.3170732,11.52439588,6.236849827,0,0,0,0,6.236874329,630,50,0.00994214,0.018370927,95.67769246,100,92.30769231,1.760551565,25.62045983,7.029700389,3.644601962,78.46962973,21.53037027,49.64073583,16.99057562,4.417849081,15.68776627,3.550996419
56.75,59.75,627.8745645,11.49695678,5.993648528,0,0,0,0,5.993877996,630,50,0.009546298,0.018310913,95.59258272,100,92.30769231,1.756153554,24.27803458,7.852164732,3.091890632,75.56141916,24.43858084,48.599313,16.46911369,4.245578358,15.69506593,3.696802793
57,60,629.4755245,11.30546898,6.079295451,0,0,0,0,6.079396708,630,50,0.009657876,0.017960141,95.3483649,100,92.30769231,1.724849576,23.8609565,9.232944288,2.584328006,72.10076761,27.89923239,49.76361279,16.669712,4.306272541,15.39750871,3.575600143
57.25,60.25,631.2982456,11.27836091,6.096067756,0,0,0,0,6.097313347,635,60,0.009658372,0.017865345,95.07275633,100,90.90909091,1.711600906,21.79326525,9.13071775,2.386807461,70.47366845,29.52633155,47.32631454,16.40233154,4.318179983,15.3543535,3.555746533
57.5,60.5,634.3133803,13.44359565,6.382992287,0,0,0,0,6.383872495,635,85,0.010064225,0.021193934,94.63261072,100,87.59124088,1.993261745,27.54302038,8.703198136,3.164701061,75.98867277,24.01132723,51.0795894,14.83337088,4.521452632,18.46664545,4.084228444
57.75,60.75,635.7597173,14.04365235,6.37413197,0,0,0,0,6.374353905,635,85,0.010026357,0.02208956,94.42111588,100,87.59124088,2.080085023,34.78855701,8.753266038,3.974351614,79.89687747,20.10312253,59.34755496,15.80573191,4.515204732,19.34066361,4.283452193
58,61,637.606383,12.63572071,6.321778007,0,0,0,0,6.322679433,636.6666667,85,0.009916274,0.019817431,94.13870974,100,87.59124088,1.85980299,37.49899633,10.38043644,3.61246818,78.31963363,21.68036637,64.52210009,16.64266732,4.478147434,17.29939512,3.863069578
58.25,61.25,640.0886525,11.25225786,6.56312732,0,0,1,0.354609929,6.564309119,640,65,0.010255312,0.017579218,93.76536868,96.77419355,87.59124088,1.616341471,41.49491128,10.37078346,4.001135635,80.00454151,19.99545849,69.55101307,17.68531833,4.649111648,15.21881647,3.273489136
58.5,61.5,641.1565836,11.30023165,6.623275029,0,0,1,0.355871886,6.623371318,640,65,0.010330349,0.017624761,93.60941743,96.77419355,87.59124088,1.622418365,44.69490235,11.10151084,4.026019792,80.10354035,19.89645965,75.31441863,19.51800544,4.691748302,15.27671327,3.256081164
58.75,61.75,643.2616487,12.31882446,6.680865893,0,0,1,0.358422939,6.680890103,640,65,0.010385961,0.019150566,93.30822102,96.77419355,87.59124088,1.757225546,59.34126147,11.28102779,5.260270835,84.0262502,15.9737498,96.04379826,25.421509,4.732605125,16.76631506,3.542724274
59,62,644.0860215,13.08487663,6.865597392,0,0,1,0.358422939,6.866751647,640,65,0.010661234,0.020315418,93.19298591,96.77419355,87.59124088,1.861094784,56.36562439,11.04872759,5.101548928,83.61071899,16.38928101,97.97834448,30.5639925,4.863465593,17.85426267,3.671098793
59.25,62.25,645.3417266,13.4551121,7.02830079,0,0,1,0.35971223,7.028393507,645,65,0.010890964,0.020849593,93.01379531,96.77419355,87.59124088,1.91293329,67.18397848,10.60071172,6.337685642,86.3717247,13.6282753,107.3183482,29.53365803,4.978754195,18.3655136,3.688776927
59.5,62.5,645.4480287,13.50120591,7.104809806,0,0,1,0.358422939,7.104900865,645,65,0.011007704,0.020917572,92.99877781,96.77419355,87.59124088,1.920845068,73.92821179,12.84627779,5.754835212,85.19578985,14.80421015,124.1591865,37.38469692,5.032919361,18.41832904,3.659571657
59.75,62.75,645.971223,13.31285925,7.117347823,0,0,1,0.35971223,7.117714042,645,65,0.011018624,0.020609059,92.92232593,96.77419355,87.59124088,1.893157497,80.19220185,12.37575579,6.479782182,86.63062673,13.36937327,136.4617616,43.89380395,5.041833922,18.13957975,3.597813818
60,63,647.0323741,13.35122713,7.037211442,0,0,1,0.35971223,7.039086337,645,65,0.010879033,0.020634558,92.77010383,96.77419355,87.59124088,1.896119492,77.56442117,11.73377394,6.610355849,86.86000997,13.13999003,130.4727359,41.17454081,4.985066382,18.21152505,3.653216158
60.25,63.25,648.3393502,13.01978721,7.14096794,0,0,1,0.36101083,7.14117475,645,65,0.011014563,0.020081748,92.58104877,96.77419355,87.59124088,1.842467743,66.7869316,12.08408832,5.526849013,84.67867116,15.32132884,114.9416706,36.07065064,5.0585993,17.704245,3.499831466
60.5,63.5,646.5827338,12.85205979,7.006865893,0,0,1,0.35971223,7.006958893,645,65,0.01083691,0.019876899,92.83186346,96.77419355,87.59124088,1.830925828,76.75022936,10.68488748,7.183063886,87.77963836,12.22036164,129.2408535,41.8057367,4.963570001,17.48467485,3.522600637
60.75,63.75,646.4748201,12.82981125,7.019827515,0,0,1,0.35971223,7.019827515,645,65,0.010858625,0.019845802,92.8472351,96.77419355,87.59124088,1.82782,78.76181428,10.66522005,7.384921633,88.0738301,11.9261699,132.9299103,43.50287601,4.972751841,17.44935107,3.508992934
61,64,647.6618705,12.9885003,7.54542863,0,0,3,1.079136691,7.546486499,645,65,0.011651893,0.020054446,92.67791368,96.77419355,87.59124088,1.84804288,65.67729699,10.03641145,6.543902403,86.74426117,13.25573883,119.5041938,43.79048538,5.345080634,17.57362778,3.287813409
61.25,64.25,648.6823105,12.78926794,7.754977533,0,0,3,1.083032491,7.755316082,645,70,0.011955492,0.019715765,92.5307973,96.77419355,86.95652174,1.809503503,58.77781534,12.5414792,4.686673271,82.41502628,17.58497372,111.2497488,39.93045428,5.493558331,17.23228266,3.13681618
61.5,64.5,646.4028777,16.21748373,8.061057385,0,0,4,1.438848921,8.061138224,645,105,0.012470765,0.025088817,92.8808383,102.5641026,86.95652174,2.377636108,76.38176669,14.2650437,5.354471271,84.26304948,15.73695052,129.4369814,38.79017103,5.710345143,22.21273319,3.889910791
61.75,64.75,645.8422939,15.72893829,8.096582156,0,0,4,1.433691756,8.096761943,645,105,0.012536748,0.024354147,92.95810127,102.5641026,86.95652174,2.313178648,83.86912763,19.29279375,4.347173806,81.29853197,18.70146803,166.0779137,62.91599236,5.73547304,21.49193683,3.747195162
62,65,644.9464286,15.8819792,8.175854296,0,0,4,1.428571429,8.17593286,645,105,0.012676918,0.024625269,93.08850839,102.5641026,86.95652174,2.342883043,93.61771077,15.6991545,5.963232653,85.63885411,14.36114589,191.244069,81.92720369,5.791590526,21.70096785,3.74697896
62.25,65.25,645.0178571,15.88770074,8.252216293,0,0,4,1.428571429,8.252294131,645,105,0.0127939,0.024631412,93.07822877,102.5641026,86.95652174,2.343248455,100.1951008,15.41604784,6.499402558,86.66560446,13.33439554,199.63428,84.02313139,5.845683641,21.6948393,3.711257851
62.5,65.5,646.4028777,16.39460131,8.25425034,0,0,4,1.438848921,8.254743741,645,105,0.012770277,0.025362822,92.8823249,102.5641026,86.95652174,2.410507734,123.2881952,16.27438375,7.575598381,88.33900615,11.66099385,244.4013198,104.8387409,5.847200445,22.43604579,3.837057752
62.75,65.75,647.4100719,16.38164551,8.586823027,0,0,5,1.798561151,8.586993775,650,105,0.013263609,0.025303353,92.73769803,102.5641026,86.95652174,2.407436826,122.1533663,18.18081556,6.718805648,87.04462781,12.95537219,258.3882045,118.0540227,6.082790485,22.35433469,3.675013096
63,66,648.5251799,16.73161729,8.581736968,0,0,5,1.798561151,8.581736968,650,105,0.013232697,0.025799488,92.58077019,102.5641026,86.95652174,2.455384583,113.5432444,20.53530323,5.529173012,84.68412465,15.31587535,225.8245784,91.74603073,6.079187589,22.86782702,3.761658393
63.25,66.25,648.3992806,16.49446684,8.549442295,0,0,5,1.798561151,8.550128253,650,105,0.013186517,0.025438749,92.59703444,102.5641026,86.95652174,2.423223063,96.48394424,22.17168511,4.351673937,81.31425771,18.68574229,202.9553892,84.29975981,6.056310474,22.52678353,3.719555598
63.5,66.5,651.25,17.54928126,8.937690644,0,0,7,2.536231884,8.939188493,650,130,0.013726201,0.026947073,92.19888733,102.5641026,83.91608392,2.545808341,101.3016351,21.56364005,4.697798466,82.4493617,17.5506383,212.3585795,89.49330433,6.331423827,23.99724188,3.790180935
63.75,66.75,652.6449275,18.47053702,8.913727921,0,0,7,2.536231884,8.913727921,655,130,0.013657852,0.02830105,92.00882025,102.5641026,83.91608392,2.666683657,113.0540091,18.0591544,6.260205026,86.22628429,13.77371571,233.3694556,102.2562921,6.314448731,25.34658188,4.014060919
64,67,654.2,20.37280282,9.151710013,0,0,7,2.545454545,9.152001097,655,130,0.013989607,0.031141551,91.80511938,102.5641026,83.91608392,2.901918997,113.5611587,17.66425022,6.428869456,86.53900158,13.46099842,254.0493738,122.8239649,6.483077457,28.07261827,4.330137725
64.25,67.25,655.729927,20.93107603,8.981159119,0,0,6,2.189781022,8.98207413,655,130,0.013697826,0.03192027,91.59573179,102.5641026,83.91608392,2.97558158,87.26674242,15.83870044,5.509716074,84.63834692,15.36165308,212.7792798,109.6738369,6.362301774,28.90918545,4.543824936
64.5,67.5,659.5054945,16.72201808,8.786380129,0,0,5,1.831501832,8.786687792,660,105,0.013323146,0.025355389,91.03522018,98.36065574,83.91608392,2.292032439,91.1858839,17.06199249,5.344386591,84.23803491,15.76196509,208.83858,100.5907036,6.224361348,22.8146686,3.665383053
64.75,67.75,661.5073529,17.42479733,8.822584225,0,0,5,1.838235294,8.823818822,660,105,0.013338958,0.026341049,90.76451152,98.36065574,83.91608392,2.381625648,87.37846906,18.11385283,4.823847797,82.82922159,17.17077841,205.1016264,99.60930447,6.25005125,23.83661015,3.81382635
65,68,663.1365314,16.43550226,8.849914556,0,0,5,1.84501845,8.850612032,665,85,0.013346591,0.024784492,90.53406538,95.23809524,83.91608392,2.222722118,81.17818477,16.95994553,4.786464947,82.71829158,17.28170842,194.8469227,96.70879242,6.269455468,22.38180952,3.569976632
65.25,68.25,661.1588542,29.33726285,15.42919795,5,1.838235294,11,4.044117647,15.42959507,665,268.75,0.023337198,0.044372487,90.97340251,134.4537815,83.91608392,5.119427949,82.84776462,16.8900067,4.905135096,83.06558641,16.93441359,215.608815,115.8710437,10.9302757,40.0234813,3.661708305
65.5,68.5,662.9603248,29.62399826,15.48909216,5,1.838235294,12,4.411764706,15.48926798,665,268.75,0.023363793,0.044684421,90.72994833,134.4537815,83.91608392,5.154856839,95.07330078,21.818288,4.357505078,81.33459539,18.66540461,238.4669551,121.5753664,10.97270566,40.43219356,3.684797061
65.75,68.75,663.9491082,29.63711603,15.66289369,5,1.84501845,12,4.42804428,15.66343011,665,268.75,0.023591311,0.044637632,90.59531194,134.4537815,83.91608392,5.162599033,437.3052794,243.0004656,1.799606756,64.28069771,35.71930229,849.6518463,169.3461013,11.09590538,40.4177953,3.642586515
66,69,664.926968,29.8502233,15.72233469,5,1.84501845,12,4.42804428,15.72243284,665,268.75,0.023645353,0.044892484,90.46488857,134.4537815,83.91608392,5.189015502,432.1174393,239.1139249,1.807161334,64.3768248,35.6231752,846.8845926,175.6532284,11.13801456,40.71874622,3.655835247
66.25,69.25,666.2785494,29.77703725,15.76030194,5,1.851851852,12,4.444444444,15.76047731,670,268.75,0.023654487,0.044691574,90.28103528,134.4537815,83.91608392,5.191515794,362.5012622,184.3344562,1.96654098,66.2907067,33.7092933,717.1774349,170.3417166,11.16498846,40.604026,3.636727985
66.5,69.5,667.2044753,29.97793474,15.56755098,5,1.851851852,10,3.703703704,15.56765085,670,268.75,0.023332654,0.044930656,90.15843344,134.4537815,83.91608392,5.216963895,294.1613808,138.682359,2.121116074,67.96017911,32.03982089,574.5586308,141.7148911,11.02843891,40.93564068,3.711825493
66.75,69.75,666.3896605,29.96185354,15.62669383,5,1.851851852,10,3.703703704,15.62723549,670,268.75,0.023450597,0.044961462,90.26828236,134.4537815,83.91608392,5.211924581,314.4987806,155.0902927,2.027843105,66.97318965,33.02681035,584.1816176,114.5925442,11.07033717,40.9007698,3.69462729
67,70,666.7970679,29.45188045,15.35700294,5,1.851851852,8,2.962962963,15.35728416,670,268.75,0.023031421,0.044169181,90.20705677,134.4537815,83.91608392,5.159706418,409.6761232,219.011388,1.870569959,65.16371264,34.83628736,738.4767827,109.7892715,10.87928146,40.20532003,3.695585979
67.25,70.25,667.6118827,29.80819717,15.38408822,5,1.851851852,8,2.962962963,15.38449245,670,268.75,0.023044066,0.044648991,90.10122423,134.4537815,83.91608392,5.196832302,452.7352672,251.5536041,1.799756632,64.28260983,35.71739017,831.8987181,127.6098469,10.89846934,40.72199164,3.736487241
67.5,70.5,669.3873916,30.26950362,15.37367662,5,1.858736059,8,2.973977695,15.3737785,675,268.75,0.022966938,0.04521971,89.86828561,134.4537815,83.91608392,5.253843063,416.9284049,222.3086493,1.875448419,65.22281557,34.77718443,775.5790564,136.3420023,10.89116932,41.39889044,3.801142854
67.75,70.75,668.4266975,30.12277916,15.23575922,5,1.851851852,8,2.962962963,15.23577056,670,268.75,0.02279348,0.045065195,89.99530994,134.4537815,83.91608392,5.23173424,324.6322423,161.2825611,2.012816762,66.80846931,33.19153069,595.6768484,109.762045,10.7933894,41.21002783,3.818080334
68,71,669.5918525,29.68957712,15.1659701,5,1.858736059,8,2.973977695,15.16607338,675,268.75,0.022649728,0.044339812,89.83385071,134.4537815,83.91608392,5.193430384,235.268599,93.54303569,2.515084071,71.5511783,28.4488217,427.3322468,98.52061213,10.74402386,40.58950518,3.777868117
68.25,71.25,674.0074906,15.36669392,8.248860496,0,0,3,1.123595506,8.248946162,675,80,0.012238657,0.022798996,89.06609262,95.23809524,84.50704225,2.035949567,109.1074571,18.59031417,5.869048588,85.44194313,14.55805687,183.5211948,55.82342349,5.843820161,20.93132413,3.581787864
68.5,71.5,672.0522388,15.84348407,8.020317451,0,0,2,0.746268657,8.020339313,672.5,80,0.011934101,0.023574781,89.32824066,95.23809524,84.50704225,2.103089462,102.2377555,17.75952606,5.756784006,85.20005969,14.79994031,177.3650679,57.36778628,5.681871046,21.67367796,3.81453183
68.75,71.75,672.891791,15.42577515,7.746609546,0,0,1,0.373134328,7.747175394,675,80,0.011513256,0.0229246,89.21407572,95.23809524,84.50704225,2.041469511,103.9037407,16.62176989,6.2510636,86.20891975,13.79108025,194.7359524,74.2104418,5.487966874,21.11377034,3.847284581
69,72,672.9775281,15.59687953,7.863885296,0,0,1,0.374531835,7.863975157,675,80,0.011685346,0.023175929,89.20371293,95.23809524,84.50704225,2.062468745,110.153532,17.63237115,6.247233063,86.20163045,13.79836955,203.7497703,75.96386718,5.571088451,21.34217129,3.830879994
69.25,72.25,674.4756554,16.13810134,8.064238386,0,0,1,0.374531835,8.064588891,675,85,0.011956827,0.023926885,89.00867712,95.23809524,83.91608392,2.123267056,107.5588245,21.80331193,4.933141571,83.14552269,16.85447731,204.0994838,74.73734743,5.713026532,22.0961073,3.867671045
69.5,72.5,672.5,17.58073938,8.071313119,0,0,1,0.373134328,8.072703347,675,100,0.01200402,0.026142363,89.28045746,97.56097561,83.91608392,2.344401254,99.46629257,20.99002207,4.738741686,82.57457724,17.42542276,173.3503214,52.89400678,5.717998146,24.1964727,4.231633534
69.75,72.75,672.9026217,17.97298183,8.214694334,0,0,1,0.374531835,8.214694334,675,100,0.01220785,0.026709633,89.23009784,97.56097561,83.91608392,2.408419867,109.4509385,18.8894357,5.794293711,85.28176669,14.71823331,194.6337574,66.2933832,5.819615497,24.74243778,4.251558851
70,73,673.5955056,18.4246397,8.41234193,0,0,1,0.374531835,8.412530933,675,100,0.012488995,0.027352676,89.14141696,97.56097561,83.91608392,2.463207027,123.0181171,17.47876423,7.038147292,87.55932227,12.44067773,251.1064027,110.6095213,5.959636898,25.36567414,4.256244897
70.25,73.25,671.2126866,18.75635991,8.396574409,0,0,1,0.373134328,8.396762351,670,100,0.012509839,0.027943989,89.46055873,97.56097561,83.91608392,2.515971875,113.4029992,19.43565258,5.834792465,85.36897784,14.63102216,239.5947274,106.7560756,5.948424525,25.84991914,4.345674898
70.5,73.5,670.988806,18.40177552,8.446710121,0,0,1,0.373134328,8.446793155,670,100,0.012588575,0.027424862,89.4879193,97.56097561,83.91608392,2.473440341,128.497776,23.37283504,5.49774025,84.61003424,15.38996576,277.935438,126.064827,5.983942402,25.32672735,4.232448384
70.75,73.75,670.4850746,18.68694795,8.692447388,0,0,1,0.373134328,8.692628932,670,100,0.012964687,0.027870789,89.55730953,97.56097561,83.91608392,2.513301592,146.670916,26.23531666,5.590590649,84.82685311,15.17314689,334.1680641,161.2618314,6.158031204,25.69985795,4.173388718
71,74,671.0261194,19.21617775,9.041085242,0,0,2,0.746268657,9.041104636,670,100,0.013473551,0.028637004,89.489041,97.56097561,83.91608392,2.581961524,140.4725144,25.73765071,5.45786078,84.514996,15.485004,337.7797508,171.5695857,6.405018352,26.41020096,4.123360701
71.25,74.25,670.0373134,18.64809404,9.184930332,0,0,2,0.746268657,9.184949422,670,100,0.013708116,0.027831426,89.61693752,97.56097561,83.91608392,2.510542194,146.2235546,28.75174831,5.085727416,83.56811057,16.43188943,343.8809648,168.9056618,6.506923202,25.55704939,3.927670359
71.5,74.5,671.3059701,18.12285482,9.230633227,0,0,2,0.746268657,9.230709209,670,100,0.013750376,0.026996415,89.44373449,97.56097561,83.91608392,2.440751406,132.2788835,24.4889712,5.401569646,84.3788312,15.6211688,307.7739361,151.0060814,6.539300719,24.78130908,3.789596189
71.75,74.75,670.6343284,17.87306095,8.910394946,0,0,2,0.746268657,8.910709796,670,100,0.013286987,0.026650978,89.5315629,97.56097561,83.91608392,2.409073627,120.6144962,24.84455323,4.854766156,82.91989854,17.08010146,287.8334595,142.3744101,6.312432814,24.47541231,3.877334306
72,75,671.1380597,18.00206936,8.815551773,0,0,2,0.746268657,8.815631333,670,100,0.013135347,0.026823198,89.46531258,97.56097561,83.91608392,2.427209144,124.0660842,25.42164068,4.880333482,82.99416176,17.00583824,296.7430839,147.255359,6.245242621,24.68088221,3.951949301
72.25,75.25,669.8327138,17.02910942,8.766592326,0,0,3,1.115241636,8.767306978,670,95,0.013088801,0.025422929,89.63314194,97.56097561,84.50704225,2.308658114,123.3674095,26.62861808,4.632888161,82.24711779,17.75288221,278.8584887,128.8624611,6.210514491,23.26823253,3.746586947
72.5,75.5,670.3171642,15.40927794,8.772323949,0,0,3,1.119402985,8.773043493,670,95,0.013087899,0.02298804,89.55731932,97.56097561,84.50704225,2.069499472,83.14699293,24.00253529,3.464092102,77.59902849,22.40097151,209.7270929,102.5775646,6.214618531,20.88708237,3.360959689
72.75,75.75,673.5447761,16.27622778,8.695996906,0,0,3,1.119402985,8.698013032,670,85,0.012913786,0.024165027,89.13239574,94.48818898,83.33333333,2.134742137,73.35005171,20.32953279,3.608053981,78.29886533,21.70113467,187.6831821,94.00359763,6.160545806,22.17834206,3.600061221
73,76,673.6940299,15.79277207,8.435617698,0,0,3,1.119402985,8.435700842,670,85,0.012521561,0.023442054,89.10974084,94.48818898,83.33333333,2.075756314,79.46677005,19.53530794,4.067853464,80.2677799,19.7322201,174.5437218,75.54164385,5.976084145,21.51998414,3.601017593
73.25,76.25,675.093633,15.6287593,8.577959687,0,0,4,1.498127341,8.578474548,675,85,0.012707089,0.023150506,88.92385431,94.48818898,83.33333333,2.047940489,79.10211412,20.63668692,3.833082046,79.30926911,20.69073089,160.4935477,60.75474665,6.07696709,21.25056953,3.496903837
73.5,76.5,675.4868914,16.06339697,8.8053628,0,0,4,1.498127341,8.805543367,675,85,0.013035846,0.023780472,88.87469714,94.48818898,83.33333333,2.102616642,77.47138484,20.3074467,3.814924937,79.23124424,20.76875576,144.5097381,46.73090657,6.238068481,21.84380796,3.501694159
73.75,76.75,675.3558052,16.03464277,8.8053628,0,0,4,1.498127341,8.805543367,675,85,0.013038377,0.023742511,88.89172585,94.48818898,83.33333333,2.096960388,103.0147876,14.76031776,6.979171403,87.46737036,12.53262964,168.6061927,50.83108727,6.238068481,21.80151461,3.494914279
74,77,676.2781955,16.30087549,8.697560659,0,0,3,1.127819549,8.698297383,675,85,0.012862011,0.024103802,88.77203178,94.48818898,83.33333333,2.127066499,103.0879068,13.16540342,7.830212529,88.67524426,11.32475574,189.6812416,73.42793136,6.161741037,22.21418535,3.605179967
74.25,77.25,678.7781955,17.39419916,8.5285106,0,0,2,0.751879699,8.528531471,680,85,0.012564534,0.025625748,88.45193627,94.48818898,83.33333333,2.26166658,114.5244303,14.71553435,7.782553294,88.61378956,11.38621044,224.1273785,94.88741385,6.041978413,23.84556196,3.946647991
74.5,77.5,677.7924528,18.37463511,8.50570691,0,0,2,0.754716981,8.505791254,680,85,0.012549256,0.02710953,88.58753761,94.48818898,83.33333333,2.398413328,110.2318399,17.32325787,6.363228022,86.41899997,13.58100003,215.9884863,88.43338855,6.025866489,25.27732906,4.194804034
74.75,77.75,680.8679245,20.57878223,8.700915059,0,0,2,0.754716981,8.703882798,680,115,0.012783511,0.030224338,88.20251231,94.48818898,80,2.644024505,105.5560975,18.39597071,5.738000955,85.15880293,14.84119707,229.6150159,105.6629477,6.164161666,28.44249755,4.614171251
75,78,681.0754717,20.81379301,8.632687116,0,0,2,0.754716981,8.632874096,680,115,0.012675356,0.030560186,88.17743918,94.48818898,80,2.673333199,128.8792231,15.28489747,8.431801607,89.39757173,10.60242827,303.9817461,159.8176255,6.115825592,28.79278792,4.707915143
75.25,78.25,680.4356061,21.22887277,8.488417517,0,0,1,0.378787879,8.488417517,680,115,0.012474976,0.031198945,88.26368872,94.48818898,80,2.727976629,173.1541025,14.24354668,12.15667041,92.39929277,7.600707235,418.1395359,230.7418867,6.013661292,29.41370354,4.891147359
75.5,78.5,682.1780303,20.96281631,8.266967685,0,0,1,0.378787879,8.267164423,685,115,0.012118778,0.030729246,88.03618072,94.48818898,80,2.695329601,149.3801497,13.82674765,10.8037084,91.52808621,8.471913794,377.1869869,213.9800896,5.856774066,29.06161614,4.962051774
75.75,78.75,682.0075758,20.58885823,8.505007357,0,0,2,0.757575758,8.505198589,685,115,0.012470827,0.030188606,88.0554145,94.48818898,80,2.652304354,131.7580348,14.2531772,9.244116795,90.2382995,9.761700496,348.0925805,202.0813685,6.025414446,28.48677846,4.727770797
76,79,681.25,20.47325066,8.621667764,0,0,3,1.136363636,8.621751606,685,115,0.012655782,0.030052478,88.15242748,94.48818898,80,2.637022088,110.759234,14.43371722,7.673645831,88.47082277,11.52917723,320.4878826,195.2949314,6.108063087,28.30193545,4.633536858
76.25,79.25,683.0228137,20.12573673,8.685219127,0,0,4,1.520912548,8.687755708,685,105,0.012719569,0.029465687,87.92045605,93.02325581,80,2.574607066,82.26910536,16.84277683,4.884533363,83.00629908,16.99370092,307.0779023,207.9660201,6.153131184,27.78901824,4.516240173
76.5,79.5,683.78327,20.56089878,8.709673612,0,0,4,1.520912548,8.70969452,685,105,0.012737507,0.030069321,87.82584303,93.02325581,80,2.625664908,95.39311699,15.96843074,5.973856703,85.66073204,14.33926796,327.2196445,215.8580968,6.170456211,28.41525273,4.605048923
76.75,79.75,686.3358779,18.91019741,8.671116879,0,0,4,1.526717557,8.671307334,685,105,0.012634204,0.027552395,87.48665213,93.02325581,80,2.398162176,105.5961252,14.17126815,7.451423833,88.16767423,11.83232577,322.3925245,202.6251312,6.143185394,26.02791589,4.236876183
77,80,684.7338403,19.60306184,9.132192867,0,0,7,2.661596958,9.132192867,685,105,0.013336851,0.028628732,87.69646913,93.02325581,80,2.492981773,101.415815,14.15912692,7.162575462,87.74896472,12.25103528,294.5380082,178.9630662,6.469794243,26.9574077,4.166656108
77.25,80.25,684.6958175,19.70930588,9.480104697,0,0,8,3.041825095,9.480796179,685,105,0.013846727,0.028785492,87.7020805,93.02325581,80,2.505351035,92.51848872,16.35970083,5.655267762,84.97430854,15.02569146,256.8373069,147.9591173,6.716275891,27.05189669,4.027812009
77.5,80.5,688.6832061,18.81760671,9.568960723,0,0,8,3.053435115,9.569267539,685,105,0.013895021,0.027324039,87.18729394,93.02325581,80,2.366854434,69.17921695,21.82225976,3.170121596,76.01988391,23.98011609,215.2948104,124.2933337,6.7792766,25.73414178,3.796001152
77.75,80.75,686.4694656,17.07087499,9.776911467,0,0,9,3.435114504,9.777211757,685,80,0.014242748,0.024867639,87.45762145,93.02325581,82.75862069,2.1717448,63.93921395,20.74254838,3.082514876,75.5052944,24.4947056,179.8614166,95.1796543,6.926602485,23.12686152,3.338846364
78,81,686.4503817,16.71817958,9.922410048,0,0,9,3.435114504,9.923075781,685,80,0.014455634,0.024354535,87.45782128,93.02325581,82.75862069,2.125744519,66.90771811,19.1340086,3.496795653,77.76194257,22.23805743,187.8189708,101.7772441,7.029683181,22.57384796,3.211218397
78.25,81.25,687.8435115,15.41340711,10.1000558,0,0,9,3.435114504,10.10007397,685,80,0.01468368,0.022408305,87.27272568,93.02325581,82.75862069,1.949555336,63.47071695,19.91761987,3.186661728,76.11462151,23.88537849,173.1572605,89.76892367,7.155539034,20.58991254,2.877478893
78.5,81.5,687.2900763,15.49019641,10.14237109,0,0,9,3.435114504,10.14266056,685,80,0.014757467,0.022538077,87.34344036,93.02325581,82.75862069,1.959407796,67.6273024,22.44392388,3.013167518,75.08202696,24.91797304,179.317491,89.24626471,7.185517945,20.69446064,2.880023514
78.75,81.75,686.8129771,15.21415905,9.859667711,0,0,8,3.053435115,9.860132972,685,80,0.014356358,0.022151822,87.40258408,93.02325581,82.75862069,1.925751377,63.52346525,22.36130325,2.840776521,73.96359839,26.03640161,174.1334849,88.24871636,6.985232412,20.35062159,2.91337788
79,82,686.889313,15.34279944,9.742693093,0,0,7,2.671755725,9.7428626,685,80,0.014184036,0.02233664,87.39361054,93.02325581,82.75862069,1.942783795,63.23970825,20.16865835,3.135543632,75.81938219,24.18061781,162.702727,79.29436037,6.902359955,20.57086328,2.980265216
79.25,82.25,684.6197719,15.70991533,9.569045597,0,0,5,1.901140684,9.570948408,685,80,0.013979947,0.02294692,87.68575255,93.02325581,82.75862069,2.003468758,59.96438723,17.31919625,3.46230774,77.59007091,22.40992909,137.918729,60.63514547,6.779286971,21.15760259,3.120918569
79.5,82.5,682.7083333,15.39573563,9.602059168,0,0,5,1.893939394,9.602360293,685,80,0.014065099,0.022550971,87.92964473,93.02325581,82.75862069,1.972741888,65.87537059,16.48760608,3.995447871,79.98177489,20.01822511,140.3114672,57.94849052,6.802626217,20.68288248,3.040426126
79.75,82.75,682.1590909,15.35626576,9.695481989,0,0,6,2.272727273,9.69594796,680,80,0.014213617,0.022511267,88.00023473,93.02325581,82.75862069,1.968607106,54.4404789,15.83905497,3.437103981,77.46277743,22.53722257,123.3053221,53.02578826,6.868812076,20.60216534,2.99937822
80,83,682.9356061,14.5463603,9.351293416,0,0,4,1.515151515,9.351602616,685,75,0.013693242,0.021299754,87.8954752,92.30769231,82.75862069,1.856908187,52.14834771,13.81780411,3.773996744,79.05319057,20.94680943,108.4798742,42.51372237,6.624969982,19.47570201,2.939741926
80.25,83.25,680.6439394,14.16101464,9.442565984,0,0,5,1.893939394,9.442642538,680,75,0.013873102,0.02080532,88.18953018,92.30769231,82.75862069,1.816889499,55.55826581,14.89321044,3.730442542,78.8603288,21.1396712,108.7073219,38.25584561,6.689632484,18.87637382,2.821735554
80.5,83.5,678.2830189,11.66024286,9.613454281,0,0,5,1.886792453,9.613752775,680,70,0.01417366,0.017190822,88.48469261,92.30769231,83.33333333,1.518196032,51.73237703,16.43827985,3.147067547,75.88657555,24.11342445,93.10156546,24.93090859,6.810649909,15.01790848,2.205062465
80.75,83.75,676.5601504,13.32858152,9.441808058,0,0,5,1.879699248,9.441977727,675,85,0.013955859,0.019700512,88.71841872,94.48818898,83.33333333,1.755653209,58.93232465,19.49785548,3.022502896,75.1398563,24.8601437,102.3165888,23.88640863,6.688999187,17.62269731,2.634579078
81,84,675.3195489,13.45121701,9.862240868,0,0,9,3.383458647,9.862258917,675,85,0.01460384,0.019918299,88.88204966,94.48818898,83.33333333,1.772346995,49.730422,17.4531048,2.84937394,74.02174963,25.97825037,95.83140454,28.64787774,6.986852597,17.6933425,2.532376668
81.25,84.25,675.5827068,13.36493306,9.698260039,0,0,9,3.383458647,9.698278392,675,85,0.014355427,0.019782823,88.84698872,94.48818898,83.33333333,1.761558021,53.24610579,19.67821448,2.705840301,73.01556681,26.98443319,110.6316422,37.70732194,6.870681241,17.6078565,2.562752642
81.5,84.5,674.588015,13.40585127,9.971481184,0,0,10,3.745318352,9.97176465,675,85,0.014782007,0.01987265,88.97822338,94.48818898,83.33333333,1.767683509,53.65203941,24.13848195,2.222676617,68.96989308,31.03010692,117.6666066,39.87608523,7.064193025,17.59348952,2.490516533
81.75,84.75,674.3258427,13.56946091,10.10278456,0,0,10,3.745318352,10.10285451,675,85,0.014982155,0.020123003,89.01358186,94.48818898,83.33333333,1.784568887,45.10343439,24.18304588,1.865084928,65.09702068,34.90297932,108.2744978,38.98801752,7.157213548,17.805472,2.487765928
82,85,673.7265918,13.47052494,10.02787398,0,0,10,3.745318352,10.02815585,675,85,0.014884607,0.019994053,89.09225733,94.48818898,83.33333333,1.772696158,44.06198929,23.81576565,1.850118528,64.9137399,35.0862601,109.8213658,41.94361082,7.10414392,17.676007,2.488126254
82.25,85.25,673.9513109,13.28637255,9.943449122,0,0,10,3.745318352,9.943449122,675,85,0.014753958,0.019714143,89.06156495,94.48818898,83.33333333,1.747152925,54.39498334,22.25746514,2.443898396,70.96313871,29.03686129,133.6362471,56.98379858,7.044334,17.41932116,2.472813067
82.5,85.5,672.4438202,19.76734996,13.89680656,3,1.123595506,15,5.617977528,13.89692098,675,220,0.020666293,0.029396285,89.31415122,120,83.33333333,3.004246479,55.36570236,22.4463027,2.466584502,71.15316244,28.84683756,137.5804389,59.76843381,9.845049315,26.16431257,2.657611124
82.75,85.75,673.5486891,20.58324477,14.06496738,3,1.123595506,17,6.367041199,14.06497994,675,220,0.020881905,0.030559401,89.173931,120,83.33333333,3.093896062,62.56897567,39.96131498,1.565738658,61.02486911,38.97513089,164.5065604,61.97626972,9.964181111,27.35059461,2.744891357
83,86,673.1179775,20.42664093,14.2143354,3,1.123595506,18,6.741573034,14.21453425,675,220,0.021117449,0.030346301,89.22973308,120,83.33333333,3.075733521,144.6269651,93.26329853,1.550738258,60.79566388,39.20433612,323.9411325,86.05086894,10.06999934,27.07564279,2.688743253
83.25,86.25,675.5169173,21.68927373,14.19124568,3,1.127819549,18,6.766917293,14.19155924,675,225,0.021008444,0.032107669,88.92297574,120,82.75862069,3.21619079,164.1927459,109.1917592,1.503710052,60.05927286,39.94072714,362.2964586,88.91195342,10.05371325,28.97882053,2.882399747
83.5,86.5,675.8364662,21.79860477,14.21147549,3,1.127819549,18,6.766917293,14.21148801,675,225,0.021027998,0.03225426,88.88187046,120,82.75862069,3.229365653,150.972997,107.4485281,1.405072732,58.42121585,41.57878415,367.104516,108.6829908,10.06804495,29.1374812,2.894055533
83.75,86.75,677.8665414,20.91968974,14.16161351,3,1.127819549,17,6.390977444,14.16161351,680,225,0.020891448,0.030861074,88.60830109,120,82.75862069,3.123875955,117.4787652,85.31646701,1.376976442,57.92974712,42.07025288,315.4827371,112.6875049,10.0327205,27.8318407,2.774107054
84,87,678.731203,20.64574284,14.07808405,3,1.127819549,14,5.263157895,14.0780967,680,225,0.020741785,0.030418143,88.4933021,120,82.75862069,3.094652751,107.4954174,66.44495014,1.617811694,61.80015537,38.19984463,274.6713305,100.730963,9.973544495,27.44124277,2.751403253
84.25,87.25,678.2800752,20.77250797,14.31060363,3,1.127819549,16,6.015037594,14.31071557,680,225,0.021098535,0.030625266,88.55313149,120,82.75862069,3.10801473,134.6079705,77.55261713,1.73569862,63.44626588,36.55373412,308.0532013,95.89261358,10.13827176,27.57189911,2.719585719
84.5,87.5,679.8018868,20.67041078,14.17459912,3,1.132075472,15,5.660377358,14.17505461,680,225,0.020851744,0.030406522,88.35422715,120,82.75862069,3.100684725,157.282745,98.78486876,1.592174459,61.42234962,38.57765038,344.1239309,88.0563172,10.04199212,27.45341796,2.73386173
84.75,87.75,680.0852273,20.60692011,14.40117402,3,1.136363636,15,5.681818182,14.4013748,680,225,0.021175838,0.030300497,88.31702405,120,82.75862069,3.096804681,167.0409001,113.069307,1.477331953,59.63399257,40.36600743,366.2148179,86.10461084,10.20258282,27.29830794,2.675627184
85,88,681.6950758,20.49761623,14.47647048,3,1.136363636,15,5.681818182,14.47708216,685,225,0.021236888,0.0300686,88.10769914,120,82.75862069,3.087227089,131.6218787,98.58773132,1.335073613,57.17479765,42.82520235,317.4104151,87.20080509,10.25592697,27.11310577,2.643652382
85.25,88.25,682.6799242,20.15741731,14.52285968,3,1.136363636,15,5.681818182,14.52297168,685,225,0.021273471,0.029526893,87.97802887,120,82.75862069,3.051041864,54.43459789,29.20116386,1.864124257,65.08531368,34.91468632,154.284604,70.64884221,10.28879163,26.58540412,2.583918994
85.5,88.5,685.4752852,12.04564939,10.57942357,0,0,9,3.422053232,10.57957848,685,70,0.015433931,0.017572697,87.55737857,91.60305344,82.75862069,1.532490684,36.53741833,17.91881892,2.039052824,67.09501092,32.90498908,97.11859366,42.66235641,7.495099449,15.29767377,2.041023455
85.75,88.75,684.8479087,11.81019038,10.35617939,0,0,7,2.661596958,10.35624973,685,70,0.01512197,0.017244983,87.63659014,91.60305344,82.75862069,1.505035054,38.46782227,19.45948712,1.976815835,66.40705857,33.59294143,95.06011564,37.13280625,7.336939855,15.00434961,2.045041925
86,89,686.0687023,11.75268183,10.28327081,0,0,6,2.290076336,10.28334218,685,70,0.014988794,0.017130474,87.48032883,91.60305344,82.75862069,1.493666844,41.55765642,18.13675339,2.29135036,69.6173336,30.3826664,79.80802155,20.11361174,7.285340504,14.93903859,2.050561477
86.25,89.25,685.2091255,10.72976492,9.797495069,0,0,4,1.520912548,9.797569413,685,60,0.014298656,0.01565911,87.58594715,91.60305344,83.91608392,1.372048809,37.74738487,15.9274327,2.369960406,70.32606086,29.67393914,64.93173512,11.25691755,6.941134305,13.49356755,1.944000355
86.5,89.5,685.9505703,10.73845153,9.812000213,0,0,4,1.520912548,9.81216724,685,60,0.014304481,0.015654847,87.49127083,91.60305344,83.91608392,1.370667823,34.32251354,13.89720625,2.469741971,71.1794131,28.8205869,58.74712911,10.52740932,6.951410621,13.50209513,1.942353267
86.75,89.75,686.889313,10.7282329,9.825998991,0,0,4,1.526717557,9.826073689,685,60,0.014305178,0.015618576,87.37158378,91.60305344,83.91608392,1.364505627,36.91345408,17.63651124,2.093013385,67.66906975,32.33093025,64.13468772,9.584722399,6.961379292,13.48069585,1.936497824
